oral_history_id,title,story_type,location,linked_site_id,story_summary,source_platform,source_url,source_post_date,attribution,source_type,verification_status,consent_status,ai_use,notes
OH-REDDIT-001,Agapur and the Ashes of Agastya,Place-name origin / local legend,"Agapur, Ponda, Goa",,"A Reddit contributor said they heard from a village in Ponda that Agapur's name is associated with Sage Agastya. The account says he performed many fire offerings and that a hill of ash formed, with stones that crumble into grey powder. The same contributor also mentioned a local protector figure called Betal.",Reddit,https://www.reddit.com/r/Goa/comments/1rsmvm1/which_are_some_of_the_stories_folklore_and/,2026-03-13,Anonymous Reddit contributor,Community account,Unverified oral/community account,Public-post source; reuse requires permission/terms review,May be summarized as an oral-history account; do not present as verified history.,Potentially useful for a future Ponda community-story layer; not directly tied to one of the 72 heritage records.
OH-REDDIT-002,A Family Story About the Mandovi Bridge,Family memory / bridge folklore,"Mandovi Bridge area, Goa",,"A Reddit participant described a story passed down from their grandmother and mother that children were supposedly kidnapped and sacrificed during construction of a Mandovi bridge so the structure would not collapse. The commenter connected the story to the first bridge and later reconstruction, while another participant mentioned hearing a similar story.",Reddit,https://www.reddit.com/r/Goa/comments/1rsmvm1/which_are_some_of_the_stories_folklore_and/,2026-03-13,Anonymous Reddit contributors,Family oral account,Unverified folklore; potentially contradicted/unsupported,Public-post source; reuse requires permission/terms review,Display only as a clearly labelled community belief/folklore account.,Do not label this as a documented historical event.
OH-REDDIT-003,A Grandmother's Memory of Old Goa,Family memory / historical claim,Old Goa,ASI-GOA-006,"A Reddit contributor said their grandmother told them that Old Goa once had a significant Turkish Muslim population and described a story involving violence during Friday prayer. The same post also discussed the historical institution of the Santa Casa and a foundling wheel, mixing remembered family information with historical material.",Reddit,https://www.reddit.com/r/Goa/comments/1rsmvm1/which_are_some_of_the_stories_folklore_and/,2026-03-13,Anonymous Reddit contributor,Family oral account,Unverified; contains historical claims requiring independent archival verification,Public-post source; reuse requires permission/terms review,AI must separate the remembered account from independently verified historical information.,"Linked to Old Goa as a broad area, not proof about Basilica of Bom Jesus specifically."
OH-REDDIT-004,Rakondar as a Village Protector,Folklore / guardian spirit,Goa village; exact village not specified,,"A Reddit user recalled hearing stories from grandparents about a rakondar, described as a protective village spirit. According to the account, the figure helped people return home at night, disliked disrespect toward the spirit or surroundings, and was associated with offerings and particular village routes.",Reddit,https://www.reddit.com/r/Goa/comments/1knte83,2025-05-16,Anonymous Reddit contributor,Grandparent-recounted folklore,Unverified folklore,Public-post source; reuse requires permission/terms review,"Suitable for folklore discovery, not factual historical claims.",Exact village and route were not identified in the source.
OH-REDDIT-005,A Grandfather's Story About the Dona Paula Statue,Local legend / monument lore,"Dona Paula, Goa",,"A Reddit participant said they grew up hearing that the Dona Paula statue commemorated Dona Paula and a local fisherman she loved, and that she died after their relationship was forbidden. The same commenter later learned that the sculpture has a different documented artistic history.",Reddit,https://www.reddit.com/r/Goa/comments/1o6ox43,2025-10-14,Anonymous Reddit contributor,Grandparent/family lore,Community legend; historical interpretation requires authoritative source,Public-post source; reuse requires permission/terms review,Excellent example for the UI distinction between oral legend and verified historical record.,Do not present the legend as the factual origin of the statue.
OH-REDDIT-006,Zhagyakaar / Rakondar Stories During Power Cuts,Folklore / childhood memory,Goa; exact locality not specified,,"A Reddit contributor recalled that their grandmother told them Zhagyakaar/Rakondar stories during power cuts in the 1990s. The post did not provide the full story, but the memory demonstrates how village folklore was transmitted orally within families.",Reddit,https://www.reddit.com/r/Goa/comments/1o6ox43,2025-10-14,Anonymous Reddit contributor,Grandmother-recounted memory,Unverified community memory,Public-post source; reuse requires permission/terms review,Can be used as a seed/reference for collecting fuller oral accounts from communities.,The original post does not contain enough detail for a complete story.
OH-REDDIT-007,A Family Encounter on a Night Drive to Madgaon,Supernatural anecdote,"Goa; road toward Madgaon, exact location unspecified",,"A Reddit user recounted a second-hand story from their grandfather, who said that in the 1980s or 1990s he and a friend saw a woman holding a baby and asking for help late at night while driving toward Madgaon. According to the story, the woman disappeared when a religious ash container was opened.",Reddit,https://www.reddit.com/r/Goa/comments/1o6ox43,2025-10-14,Anonymous Reddit contributor; second-hand grandfather account,Second-hand family anecdote,Unverified supernatural anecdote,Public-post source; reuse requires permission/terms review,May be classified as folklore/supernatural anecdote; never presented as an observed historical fact.,Useful to demonstrate preservation of intangible folklore.
OH-REDDIT-008,Gade and the Headless Figure,Festival/ritual folklore,Goa; exact village not specified,,"A Reddit participant described hearing about Gade, saying that a person runs from a mountaintop toward a village and is described in the story as headless. Another participant responded that Gade is a ritual, but the discussion did not establish the exact tradition or locality.",Reddit,https://www.reddit.com/r/Goa/comments/1o6ox43,2025-10-14,Anonymous Reddit contributors,Community folklore discussion,Unverified; ritual identification requires community/authoritative verification,Public-post source; reuse requires permission/terms review,Use only as a lead for further community documentation.,Should not be treated as a definitive description of the Gade tradition.
OH-REDDIT-009,Matoli and Other Goa Festival Traditions,Festival tradition / lived cultural practice,Goa; contributor's exact locality not specified,,"A 2026 Reddit discussion about experiencing Ganpati in Goa described Matoli as a notable household tradition and mentioned other festival practices including Narkasur burning, Tulsi Vivah, Makarotsav, Shigmo and Gade. The post reflects contemporary community observation of living traditions rather than a historical claim.",Reddit,https://www.reddit.com/r/Goa/comments/1wgpptt/first_ganpati_in_goa_and_what_a_beautiful/,2026-09-15,Anonymous Reddit contributors,Community observation,Community account; individual details/local variation not independently verified,Public-post source; reuse requires permission/terms review,Can support a 'living traditions' category while retaining the community-source label.,Good example of oral/community culture that is still practiced.
OH-REDDIT-010,"Childhood Goa: Quiet Roads, Gardens and Old Houses",Childhood memory / changing landscape,Goa; multiple localities mentioned,,"Reddit contributors recalled earlier Goa as having quieter village roads, fewer vehicles, more cycling, gardens, old houses, local springs and less crowded beaches. One contributor specifically remembered older houses built with mud and traditional village foods and terms.",Reddit,https://www.reddit.com/r/Goa/comments/yqctao,2022-11-09,Anonymous Reddit contributors,Childhood/community memories,Subjective community memories,Public-post source; reuse requires permission/terms review,"Useful as a 'memory of changing Goa' collection, not as quantitative evidence of historical change.",Could later be paired with old photographs submitted by community members.
OH-REDDIT-011,Old Goa-Velha Family Memory,Family history / migration memory,"Goa Velha, Goa",,"A Reddit user described their grandfather as having roots in Goa-Velha and later moving to Caranzalem/Talaigao in the late 1930s. The user was seeking deeper local history and family records, illustrating how personal family memories can become prompts for community heritage research.",Reddit,https://www.reddit.com/r/Goa/comments/1id4kxl,2025-01-29,Anonymous Reddit contributor,Family history inquiry,Unverified family account,Public-post source; reuse requires permission/terms review,Useful as a model for collecting family-history narratives linked to places.,"The post itself is a request for information, not a verified historical source."
OH-REDDIT-012,Ancestral Goa Records Remembered by a Family,Family memory / genealogy,Goa; parish records across Goa,,"A Reddit contributor whose grandparents were from Portuguese India described researching their ancestry and discovering that Goa church records from the early twentieth century were available online, while the Goa State Archives hold older parish records dating back into the late eighteenth century. The account shows how family memories can lead to archival heritage research.",Reddit,https://www.reddit.com/r/Genealogy/comments/1kmd3ay,2025-05-14,Anonymous Reddit contributor,Family genealogy account,Personal account; archival claims should be checked independently,Public-post source; reuse requires permission/terms review,Good example for linking community memories to archival sources rather than replacing archives.,"Not an oral story about a specific monument, but highly relevant to heritage-memory collection."
OH-REDDIT-013,Old Goa as Remembered Through a Grandmother,Family oral history / urban memory,"Old Goa, Goa",ASI-GOA-006,A Reddit discussion includes a contributor saying their grandmother remembered Old Goa in connection with stories about its communities and institutions. The account illustrates how family narratives can preserve memories and claims about places whose physical and social landscapes have changed.,Reddit,https://www.reddit.com/r/Goa/comments/1rsmvm1/which_are_some_of_the_stories_folklore_and/,2026-03-13,Anonymous Reddit contributor,Family oral account,Unverified; requires archival/community corroboration,Public-post source; reuse requires permission/terms review,Suitable for demonstrating the distinction between memory and verified historical record.,Linked to Old Goa broadly; not evidence about Basilica of Bom Jesus specifically.
