site_id,name,category,district,taluka,locality,latitude,longitude,heritage_status,ownership,historical_period,historical_period_basis,historical_background,architecture,cultural_significance,current_condition,condition_basis,reported_issues_count,verification_status,community_story_status,image_url,source_name,source_url,source_reference,notes,quick_story_source_text,tourist_explanation_source_text,content_readiness,gemini_source_available,ai_summary_status,ai_summary_version,ai_summary_generated_at,ai_summary_verified_against_source,ai_disclaimer
ASI-GOA-001,Rock cut caves,Archaeological,North Goa,,Arvalem,,,Centrally Protected Monument/Site — ASI Goa Circle,,,,,,,Not yet assessed,No condition value assigned in starter dataset,0,Official source verified,None yet,,Archaeological Survey of India,https://asi.nic.in/admin/whatsnew/download/719,ASI Goa Circle list (21 sites),Initial authoritative map record; geocode before production use.,,,Needs verified historical content,False,Not generated,,,False,AI explanation is generated only from the verified heritage information available for this site; it does not establish official historical facts.
ASI-GOA-002,Auguda Fortress (Upper),Fort,North Goa,,Candolim,,,Centrally Protected Monument/Site — ASI Goa Circle,,,,,,,Not yet assessed,No condition value assigned in starter dataset,0,Official source verified,None yet,,Archaeological Survey of India,https://asi.nic.in/admin/whatsnew/download/719,ASI Goa Circle list (21 sites),Initial authoritative map record; geocode before production use.,,,Needs verified historical content,False,Not generated,,,False,AI explanation is generated only from the verified heritage information available for this site; it does not establish official historical facts.
ASI-GOA-003,Fortification Wall of Auguda Fortress (Lower),Fort,North Goa,,Candolim,,,Centrally Protected Monument/Site — ASI Goa Circle,,,,,,,Not yet assessed,No condition value assigned in starter dataset,0,Official source verified,None yet,,Archaeological Survey of India,https://asi.nic.in/admin/whatsnew/download/719,ASI Goa Circle list (21 sites),Initial authoritative map record; geocode before production use.,,,Needs verified historical content,False,Not generated,,,False,AI explanation is generated only from the verified heritage information available for this site; it does not establish official historical facts.
ASI-GOA-004,Arch of Adil Shah’s Palace,Monument,North Goa,,Old Goa,,,Centrally Protected Monument/Site — ASI Goa Circle,,,,,,,Not yet assessed,No condition value assigned in starter dataset,0,Official source verified,None yet,,Archaeological Survey of India,https://asi.nic.in/admin/whatsnew/download/719,ASI Goa Circle list (21 sites),Initial authoritative map record; geocode before production use.,,,Needs verified historical content,False,Not generated,,,False,AI explanation is generated only from the verified heritage information available for this site; it does not establish official historical facts.
ASI-GOA-005,Arch of Viceroy,Monument,North Goa,,Old Goa,,,Centrally Protected Monument/Site — ASI Goa Circle,,,,,,,Not yet assessed,No condition value assigned in starter dataset,0,Official source verified,None yet,,Archaeological Survey of India,https://asi.nic.in/admin/whatsnew/download/719,ASI Goa Circle list (21 sites),Initial authoritative map record; geocode before production use.,,,Needs verified historical content,False,Not generated,,,False,AI explanation is generated only from the verified heritage information available for this site; it does not establish official historical facts.
ASI-GOA-006,Basilica of Bom Jesus,Religious Heritage,North Goa,,Old Goa,,,Centrally Protected Monument/Site — ASI Goa Circle,,,,,,,Not yet assessed,No condition value assigned in starter dataset,0,Official source verified,None yet,,Archaeological Survey of India,https://asi.nic.in/admin/whatsnew/download/719,ASI Goa Circle list (21 sites),Initial authoritative map record; geocode before production use.,,,Needs verified historical content,False,Not generated,,,False,AI explanation is generated only from the verified heritage information available for this site; it does not establish official historical facts.
ASI-GOA-007,Chapel of St. Cajetan,Religious Heritage,North Goa,,Old Goa,,,Centrally Protected Monument/Site — ASI Goa Circle,,,,,,,Not yet assessed,No condition value assigned in starter dataset,0,Official source verified,None yet,,Archaeological Survey of India,https://asi.nic.in/admin/whatsnew/download/719,ASI Goa Circle list (21 sites),Initial authoritative map record; geocode before production use.,,,Needs verified historical content,False,Not generated,,,False,AI explanation is generated only from the verified heritage information available for this site; it does not establish official historical facts.
ASI-GOA-008,Chapel of St. Catherine,Religious Heritage,North Goa,,Old Goa,,,Centrally Protected Monument/Site — ASI Goa Circle,,,,,,,Not yet assessed,No condition value assigned in starter dataset,0,Official source verified,None yet,,Archaeological Survey of India,https://asi.nic.in/admin/whatsnew/download/719,ASI Goa Circle list (21 sites),Initial authoritative map record; geocode before production use.,,,Needs verified historical content,False,Not generated,,,False,AI explanation is generated only from the verified heritage information available for this site; it does not establish official historical facts.
ASI-GOA-009,Chapel of St. Francis Xavier and connected buildings,Religious Heritage,North Goa,,Old Goa,,,Centrally Protected Monument/Site — ASI Goa Circle,,,,,,,Not yet assessed,No condition value assigned in starter dataset,0,Official source verified,None yet,,Archaeological Survey of India,https://asi.nic.in/admin/whatsnew/download/719,ASI Goa Circle list (21 sites),Initial authoritative map record; geocode before production use.,,,Needs verified historical content,False,Not generated,,,False,AI explanation is generated only from the verified heritage information available for this site; it does not establish official historical facts.
ASI-GOA-010,Church and Convent of St. Francis Assisi,Religious Heritage,North Goa,,Old Goa,,,Centrally Protected Monument/Site — ASI Goa Circle,,,,,,,Not yet assessed,No condition value assigned in starter dataset,0,Official source verified,None yet,,Archaeological Survey of India,https://asi.nic.in/admin/whatsnew/download/719,ASI Goa Circle list (21 sites),Initial authoritative map record; geocode before production use.,,,Needs verified historical content,False,Not generated,,,False,AI explanation is generated only from the verified heritage information available for this site; it does not establish official historical facts.
ASI-GOA-011,Church of Lady of Rosary,Religious Heritage,North Goa,,Old Goa,,,Centrally Protected Monument/Site — ASI Goa Circle,,,,,,,Not yet assessed,No condition value assigned in starter dataset,0,Official source verified,None yet,,Archaeological Survey of India,https://asi.nic.in/admin/whatsnew/download/719,ASI Goa Circle list (21 sites),Initial authoritative map record; geocode before production use.,,,Needs verified historical content,False,Not generated,,,False,AI explanation is generated only from the verified heritage information available for this site; it does not establish official historical facts.
ASI-GOA-012,Church of St. Augustine,Religious Heritage,North Goa,,Old Goa,,,Centrally Protected Monument/Site — ASI Goa Circle,,,,,,,Not yet assessed,No condition value assigned in starter dataset,0,Official source verified,None yet,,Archaeological Survey of India,https://asi.nic.in/admin/whatsnew/download/719,ASI Goa Circle list (21 sites),Initial authoritative map record; geocode before production use.,,,Needs verified historical content,False,Not generated,,,False,AI explanation is generated only from the verified heritage information available for this site; it does not establish official historical facts.
ASI-GOA-013,House of Bull,Historic Building,North Goa,,Old Goa,,,Centrally Protected Monument/Site — ASI Goa Circle,,,,,,,Not yet assessed,No condition value assigned in starter dataset,0,Official source verified,None yet,,Archaeological Survey of India,https://asi.nic.in/admin/whatsnew/download/719,ASI Goa Circle list (21 sites),Initial authoritative map record; geocode before production use.,,,Needs verified historical content,False,Not generated,,,False,AI explanation is generated only from the verified heritage information available for this site; it does not establish official historical facts.
ASI-GOA-014,Largo of St. Cajetan together with other monuments,Heritage Precinct,North Goa,,Old Goa,,,Centrally Protected Monument/Site — ASI Goa Circle,,,,,,,Not yet assessed,No condition value assigned in starter dataset,0,Official source verified,None yet,,Archaeological Survey of India,https://asi.nic.in/admin/whatsnew/download/719,ASI Goa Circle list (21 sites),Initial authoritative map record; geocode before production use.,,,Needs verified historical content,False,Not generated,,,False,AI explanation is generated only from the verified heritage information available for this site; it does not establish official historical facts.
ASI-GOA-015,Largo of St. Francis Xavier,Heritage Precinct,North Goa,,Old Goa,,,Centrally Protected Monument/Site — ASI Goa Circle,,,,,,,Not yet assessed,No condition value assigned in starter dataset,0,Official source verified,None yet,,Archaeological Survey of India,https://asi.nic.in/admin/whatsnew/download/719,ASI Goa Circle list (21 sites),Initial authoritative map record; geocode before production use.,,,Needs verified historical content,False,Not generated,,,False,AI explanation is generated only from the verified heritage information available for this site; it does not establish official historical facts.
ASI-GOA-016,Portal remains of St. Paul’s College,Archaeological,North Goa,,Old Goa,,,Centrally Protected Monument/Site — ASI Goa Circle,,,,,,,Not yet assessed,No condition value assigned in starter dataset,0,Official source verified,None yet,,Archaeological Survey of India,https://asi.nic.in/admin/whatsnew/download/719,ASI Goa Circle list (21 sites),Initial authoritative map record; geocode before production use.,,,Needs verified historical content,False,Not generated,,,False,AI explanation is generated only from the verified heritage information available for this site; it does not establish official historical facts.
ASI-GOA-017,Se’ Cathedral,Religious Heritage,North Goa,,Old Goa,,,Centrally Protected Monument/Site — ASI Goa Circle,,,,,,,Not yet assessed,No condition value assigned in starter dataset,0,Official source verified,None yet,,Archaeological Survey of India,https://asi.nic.in/admin/whatsnew/download/719,ASI Goa Circle list (21 sites),Initial authoritative map record; geocode before production use.,,,Needs verified historical content,False,Not generated,,,False,AI explanation is generated only from the verified heritage information available for this site; it does not establish official historical facts.
ASI-GOA-018,Safa Masjid,Religious Heritage,North Goa,,Ponda,,,Centrally Protected Monument/Site — ASI Goa Circle,,,,,,,Not yet assessed,No condition value assigned in starter dataset,0,Official source verified,None yet,,Archaeological Survey of India,https://asi.nic.in/admin/whatsnew/download/719,ASI Goa Circle list (21 sites),Initial authoritative map record; geocode before production use.,,,Needs verified historical content,False,Not generated,,,False,AI explanation is generated only from the verified heritage information available for this site; it does not establish official historical facts.
ASI-GOA-019,Excavated site,Archaeological,South Goa,,Chandor,,,Centrally Protected Monument/Site — ASI Goa Circle,,,,,,,Not yet assessed,No condition value assigned in starter dataset,0,Official source verified,None yet,,Archaeological Survey of India,https://asi.nic.in/admin/whatsnew/download/719,ASI Goa Circle list (21 sites),Initial authoritative map record; geocode before production use.,,,Needs verified historical content,False,Not generated,,,False,AI explanation is generated only from the verified heritage information available for this site; it does not establish official historical facts.
ASI-GOA-020,Mahadev Temple,Religious Heritage,South Goa,,Kurdi,,,Centrally Protected Monument/Site — ASI Goa Circle,,,,,,,Not yet assessed,No condition value assigned in starter dataset,0,Official source verified,None yet,,Archaeological Survey of India,https://asi.nic.in/admin/whatsnew/download/719,ASI Goa Circle list (21 sites),Initial authoritative map record; geocode before production use.,,,Needs verified historical content,False,Not generated,,,False,AI explanation is generated only from the verified heritage information available for this site; it does not establish official historical facts.
ASI-GOA-021,Mahadev Temple,Religious Heritage,South Goa,,Tambdisurla,,,Centrally Protected Monument/Site — ASI Goa Circle,,,,,,,Not yet assessed,No condition value assigned in starter dataset,0,Official source verified,None yet,,Archaeological Survey of India,https://asi.nic.in/admin/whatsnew/download/719,ASI Goa Circle list (21 sites),Initial authoritative map record; geocode before production use.,,,Needs verified historical content,False,Not generated,,,False,AI explanation is generated only from the verified heritage information available for this site; it does not establish official historical facts.
STATE-GOA-001,Ruins of Bhramapuri,Archaeological,North Goa,Tiswadi,Ella,,,Protected monument/site under Goa State Act (listed by Goa Archives & Archaeology in TCP regulations),Private,,,,,,Not yet assessed,No condition value assigned in starter dataset,0,Official listing verified,None yet,,Goa Town & Country Planning Department / Goa Archives & Archaeology listing,https://tcp.goa.gov.in/wp-content/uploads/2017/GLDBCR_2010/regulations/1011-24-SI-OG.pdf,"Goa Land Development and Building Construction Regulations, 2010 — protected monuments list (Section B)",Starter dataset. Coordinates and descriptive fields to be enriched.,,,Needs verified historical content,False,Not generated,,,False,AI explanation is generated only from the verified heritage information available for this site; it does not establish official historical facts.
STATE-GOA-002,Chapel of St. Xavier,Religious Heritage,North Goa,Tiswadi,Ella,,,Protected monument/site under Goa State Act (listed by Goa Archives & Archaeology in TCP regulations),Private,,,,,,Not yet assessed,No condition value assigned in starter dataset,0,Official listing verified,None yet,,Goa Town & Country Planning Department / Goa Archives & Archaeology listing,https://tcp.goa.gov.in/wp-content/uploads/2017/GLDBCR_2010/regulations/1011-24-SI-OG.pdf,"Goa Land Development and Building Construction Regulations, 2010 — protected monuments list (Section B)",Starter dataset. Coordinates and descriptive fields to be enriched.,,,Needs verified historical content,False,Not generated,,,False,AI explanation is generated only from the verified heritage information available for this site; it does not establish official historical facts.
STATE-GOA-003,Chapel of Our Lady of Monte,Religious Heritage,North Goa,Tiswadi,Ella,,,Protected monument/site under Goa State Act (listed by Goa Archives & Archaeology in TCP regulations),Private,,,,,,Not yet assessed,No condition value assigned in starter dataset,0,Official listing verified,None yet,,Goa Town & Country Planning Department / Goa Archives & Archaeology listing,https://tcp.goa.gov.in/wp-content/uploads/2017/GLDBCR_2010/regulations/1011-24-SI-OG.pdf,"Goa Land Development and Building Construction Regulations, 2010 — protected monuments list (Section B)",Starter dataset. Coordinates and descriptive fields to be enriched.,,,Needs verified historical content,False,Not generated,,,False,AI explanation is generated only from the verified heritage information available for this site; it does not establish official historical facts.
STATE-GOA-004,Convent of St. Monica and Chapel,Religious Heritage,North Goa,Tiswadi,Ella,,,Protected monument/site under Goa State Act (listed by Goa Archives & Archaeology in TCP regulations),Private,,,,,,Not yet assessed,No condition value assigned in starter dataset,0,Official listing verified,None yet,,Goa Town & Country Planning Department / Goa Archives & Archaeology listing,https://tcp.goa.gov.in/wp-content/uploads/2017/GLDBCR_2010/regulations/1011-24-SI-OG.pdf,"Goa Land Development and Building Construction Regulations, 2010 — protected monuments list (Section B)",Starter dataset. Coordinates and descriptive fields to be enriched.,,,Needs verified historical content,False,Not generated,,,False,AI explanation is generated only from the verified heritage information available for this site; it does not establish official historical facts.
STATE-GOA-005,Ruins of College of St. Populo,Archaeological,North Goa,Tiswadi,Ella,,,Protected monument/site under Goa State Act (listed by Goa Archives & Archaeology in TCP regulations),Private,,,,,,Not yet assessed,No condition value assigned in starter dataset,0,Official listing verified,None yet,,Goa Town & Country Planning Department / Goa Archives & Archaeology listing,https://tcp.goa.gov.in/wp-content/uploads/2017/GLDBCR_2010/regulations/1011-24-SI-OG.pdf,"Goa Land Development and Building Construction Regulations, 2010 — protected monuments list (Section B)",Starter dataset. Coordinates and descriptive fields to be enriched.,,,Needs verified historical content,False,Not generated,,,False,AI explanation is generated only from the verified heritage information available for this site; it does not establish official historical facts.
STATE-GOA-006,Church of St. Peter,Religious Heritage,North Goa,Tiswadi,Ella,,,Protected monument/site under Goa State Act (listed by Goa Archives & Archaeology in TCP regulations),Private,,,,,,Not yet assessed,No condition value assigned in starter dataset,0,Official listing verified,None yet,,Goa Town & Country Planning Department / Goa Archives & Archaeology listing,https://tcp.goa.gov.in/wp-content/uploads/2017/GLDBCR_2010/regulations/1011-24-SI-OG.pdf,"Goa Land Development and Building Construction Regulations, 2010 — protected monuments list (Section B)",Starter dataset. Coordinates and descriptive fields to be enriched.,,,Needs verified historical content,False,Not generated,,,False,AI explanation is generated only from the verified heritage information available for this site; it does not establish official historical facts.
STATE-GOA-007,Casa do Polvora,Historic Building,North Goa,Tiswadi,Panvelim,,,Protected monument/site under Goa State Act (listed by Goa Archives & Archaeology in TCP regulations),Government,,,,,,Not yet assessed,No condition value assigned in starter dataset,0,Official listing verified,None yet,,Goa Town & Country Planning Department / Goa Archives & Archaeology listing,https://tcp.goa.gov.in/wp-content/uploads/2017/GLDBCR_2010/regulations/1011-24-SI-OG.pdf,"Goa Land Development and Building Construction Regulations, 2010 — protected monuments list (Section B)",Starter dataset. Coordinates and descriptive fields to be enriched.,,,Needs verified historical content,False,Not generated,,,False,AI explanation is generated only from the verified heritage information available for this site; it does not establish official historical facts.
STATE-GOA-008,Fort Nanora,Fort,North Goa,Tiswadi,Narora Divadi,,,Protected monument/site under Goa State Act (listed by Goa Archives & Archaeology in TCP regulations),Government,,,,,,Not yet assessed,No condition value assigned in starter dataset,0,Official listing verified,None yet,,Goa Town & Country Planning Department / Goa Archives & Archaeology listing,https://tcp.goa.gov.in/wp-content/uploads/2017/GLDBCR_2010/regulations/1011-24-SI-OG.pdf,"Goa Land Development and Building Construction Regulations, 2010 — protected monuments list (Section B)",Starter dataset. Coordinates and descriptive fields to be enriched.,,,Needs verified historical content,False,Not generated,,,False,AI explanation is generated only from the verified heritage information available for this site; it does not establish official historical facts.
STATE-GOA-009,Site of the Temple of Saptakoteshwar,Archaeological,North Goa,Tiswadi,Narora Divadi,,,Protected monument/site under Goa State Act (listed by Goa Archives & Archaeology in TCP regulations),Private,,,,,,Not yet assessed,No condition value assigned in starter dataset,0,Official listing verified,None yet,,Goa Town & Country Planning Department / Goa Archives & Archaeology listing,https://tcp.goa.gov.in/wp-content/uploads/2017/GLDBCR_2010/regulations/1011-24-SI-OG.pdf,"Goa Land Development and Building Construction Regulations, 2010 — protected monuments list (Section B)",Starter dataset. Coordinates and descriptive fields to be enriched.,,,Needs verified historical content,False,Not generated,,,False,AI explanation is generated only from the verified heritage information available for this site; it does not establish official historical facts.
STATE-GOA-010,Chapel of St. Jeronimus,Religious Heritage,North Goa,Tiswadi,Madel Chodan,,,Protected monument/site under Goa State Act (listed by Goa Archives & Archaeology in TCP regulations),Private,,,,,,Not yet assessed,No condition value assigned in starter dataset,0,Official listing verified,None yet,,Goa Town & Country Planning Department / Goa Archives & Archaeology listing,https://tcp.goa.gov.in/wp-content/uploads/2017/GLDBCR_2010/regulations/1011-24-SI-OG.pdf,"Goa Land Development and Building Construction Regulations, 2010 — protected monuments list (Section B)",Starter dataset. Coordinates and descriptive fields to be enriched.,,,Needs verified historical content,False,Not generated,,,False,AI explanation is generated only from the verified heritage information available for this site; it does not establish official historical facts.
STATE-GOA-011,British Cemetery at Dona Paula,Cemetery,North Goa,Tiswadi,Dona Paula,,,Protected monument/site under Goa State Act (listed by Goa Archives & Archaeology in TCP regulations),Private,,,,,,Not yet assessed,No condition value assigned in starter dataset,0,Official listing verified,None yet,,Goa Town & Country Planning Department / Goa Archives & Archaeology listing,https://tcp.goa.gov.in/wp-content/uploads/2017/GLDBCR_2010/regulations/1011-24-SI-OG.pdf,"Goa Land Development and Building Construction Regulations, 2010 — protected monuments list (Section B)",Starter dataset. Coordinates and descriptive fields to be enriched.,,,Needs verified historical content,False,Not generated,,,False,AI explanation is generated only from the verified heritage information available for this site; it does not establish official historical facts.
STATE-GOA-012,The Site of Fortress of St. Estevam,Fort,North Goa,Tiswadi,St. Estevam,,,Protected monument/site under Goa State Act (listed by Goa Archives & Archaeology in TCP regulations),Government,,,,,,Not yet assessed,No condition value assigned in starter dataset,0,Official listing verified,None yet,,Goa Town & Country Planning Department / Goa Archives & Archaeology listing,https://tcp.goa.gov.in/wp-content/uploads/2017/GLDBCR_2010/regulations/1011-24-SI-OG.pdf,"Goa Land Development and Building Construction Regulations, 2010 — protected monuments list (Section B)",Starter dataset. Coordinates and descriptive fields to be enriched.,,,Needs verified historical content,False,Not generated,,,False,AI explanation is generated only from the verified heritage information available for this site; it does not establish official historical facts.
STATE-GOA-013,Site where the ancient Colvale image of Buddha was discovered,Archaeological,North Goa,Bardez,Colvale,,,Protected monument/site under Goa State Act (listed by Goa Archives & Archaeology in TCP regulations),Private,,,,,,Not yet assessed,No condition value assigned in starter dataset,0,Official listing verified,None yet,,Goa Town & Country Planning Department / Goa Archives & Archaeology listing,https://tcp.goa.gov.in/wp-content/uploads/2017/GLDBCR_2010/regulations/1011-24-SI-OG.pdf,"Goa Land Development and Building Construction Regulations, 2010 — protected monuments list (Section B)",Starter dataset. Coordinates and descriptive fields to be enriched.,,,Needs verified historical content,False,Not generated,,,False,AI explanation is generated only from the verified heritage information available for this site; it does not establish official historical facts.
STATE-GOA-014,Fortress of Colvale,Fort,North Goa,Bardez,Colvale,,,Protected monument/site under Goa State Act (listed by Goa Archives & Archaeology in TCP regulations),Government,,,,,,Not yet assessed,No condition value assigned in starter dataset,0,Official listing verified,None yet,,Goa Town & Country Planning Department / Goa Archives & Archaeology listing,https://tcp.goa.gov.in/wp-content/uploads/2017/GLDBCR_2010/regulations/1011-24-SI-OG.pdf,"Goa Land Development and Building Construction Regulations, 2010 — protected monuments list (Section B)",Starter dataset. Coordinates and descriptive fields to be enriched.,,,Needs verified historical content,False,Not generated,,,False,AI explanation is generated only from the verified heritage information available for this site; it does not establish official historical facts.
STATE-GOA-015,Reis Magos Fort,Fort,North Goa,Bardez,Reis Magos,,,Protected monument/site under Goa State Act (listed by Goa Archives & Archaeology in TCP regulations),Government,,,,,,Not yet assessed,No condition value assigned in starter dataset,0,Official listing verified,None yet,,Goa Town & Country Planning Department / Goa Archives & Archaeology listing,https://tcp.goa.gov.in/wp-content/uploads/2017/GLDBCR_2010/regulations/1011-24-SI-OG.pdf,"Goa Land Development and Building Construction Regulations, 2010 — protected monuments list (Section B)",Starter dataset. Coordinates and descriptive fields to be enriched.,,,Needs verified historical content,False,Not generated,,,False,AI explanation is generated only from the verified heritage information available for this site; it does not establish official historical facts.
STATE-GOA-016,Church of Reis Magos,Religious Heritage,North Goa,Bardez,Reis Magos,,,Protected monument/site under Goa State Act (listed by Goa Archives & Archaeology in TCP regulations),Private,,,,,,Not yet assessed,No condition value assigned in starter dataset,0,Official listing verified,None yet,,Goa Town & Country Planning Department / Goa Archives & Archaeology listing,https://tcp.goa.gov.in/wp-content/uploads/2017/GLDBCR_2010/regulations/1011-24-SI-OG.pdf,"Goa Land Development and Building Construction Regulations, 2010 — protected monuments list (Section B)",Starter dataset. Coordinates and descriptive fields to be enriched.,,,Needs verified historical content,False,Not generated,,,False,AI explanation is generated only from the verified heritage information available for this site; it does not establish official historical facts.
STATE-GOA-017,Chapora Fort,Fort,North Goa,Bardez,Chapora (Caisua),,,Protected monument/site under Goa State Act (listed by Goa Archives & Archaeology in TCP regulations),Government,,,,,,Not yet assessed,No condition value assigned in starter dataset,0,Official listing verified,None yet,,Goa Town & Country Planning Department / Goa Archives & Archaeology listing,https://tcp.goa.gov.in/wp-content/uploads/2017/GLDBCR_2010/regulations/1011-24-SI-OG.pdf,"Goa Land Development and Building Construction Regulations, 2010 — protected monuments list (Section B)",Starter dataset. Coordinates and descriptive fields to be enriched.,,,Needs verified historical content,False,Not generated,,,False,AI explanation is generated only from the verified heritage information available for this site; it does not establish official historical facts.
STATE-GOA-018,The Fortress of Khorjuve,Fort,North Goa,Bardez,Khorjuve,,,Protected monument/site under Goa State Act (listed by Goa Archives & Archaeology in TCP regulations),Government,,,,,,Not yet assessed,No condition value assigned in starter dataset,0,Official listing verified,None yet,,Goa Town & Country Planning Department / Goa Archives & Archaeology listing,https://tcp.goa.gov.in/wp-content/uploads/2017/GLDBCR_2010/regulations/1011-24-SI-OG.pdf,"Goa Land Development and Building Construction Regulations, 2010 — protected monuments list (Section B)",Starter dataset. Coordinates and descriptive fields to be enriched.,,,Needs verified historical content,False,Not generated,,,False,AI explanation is generated only from the verified heritage information available for this site; it does not establish official historical facts.
STATE-GOA-019,Caves at Narora,Archaeological,North Goa,Bicholim,Nanora,,,Protected monument/site under Goa State Act (listed by Goa Archives & Archaeology in TCP regulations),Private,,,,,,Not yet assessed,No condition value assigned in starter dataset,0,Official listing verified,None yet,,Goa Town & Country Planning Department / Goa Archives & Archaeology listing,https://tcp.goa.gov.in/wp-content/uploads/2017/GLDBCR_2010/regulations/1011-24-SI-OG.pdf,"Goa Land Development and Building Construction Regulations, 2010 — protected monuments list (Section B)",Starter dataset. Coordinates and descriptive fields to be enriched.,,,Needs verified historical content,False,Not generated,,,False,AI explanation is generated only from the verified heritage information available for this site; it does not establish official historical facts.
STATE-GOA-020,Temple of Saptakoteshwar,Religious Heritage,North Goa,Bicholim,Aarora,,,Protected monument/site under Goa State Act (listed by Goa Archives & Archaeology in TCP regulations),Private,,,,,,Not yet assessed,No condition value assigned in starter dataset,0,Official listing verified,None yet,,Goa Town & Country Planning Department / Goa Archives & Archaeology listing,https://tcp.goa.gov.in/wp-content/uploads/2017/GLDBCR_2010/regulations/1011-24-SI-OG.pdf,"Goa Land Development and Building Construction Regulations, 2010 — protected monuments list (Section B)",Starter dataset. Coordinates and descriptive fields to be enriched.,,,Needs verified historical content,False,Not generated,,,False,AI explanation is generated only from the verified heritage information available for this site; it does not establish official historical facts.
STATE-GOA-021,Site of Gujir,Archaeological,North Goa,Bicholim,Kudnem,,,Protected monument/site under Goa State Act (listed by Goa Archives & Archaeology in TCP regulations),Private,,,,,,Not yet assessed,No condition value assigned in starter dataset,0,Official listing verified,None yet,,Goa Town & Country Planning Department / Goa Archives & Archaeology listing,https://tcp.goa.gov.in/wp-content/uploads/2017/GLDBCR_2010/regulations/1011-24-SI-OG.pdf,"Goa Land Development and Building Construction Regulations, 2010 — protected monuments list (Section B)",Starter dataset. Coordinates and descriptive fields to be enriched.,,,Needs verified historical content,False,Not generated,,,False,AI explanation is generated only from the verified heritage information available for this site; it does not establish official historical facts.
STATE-GOA-022,Fort of Sanquelim,Fort,North Goa,Bicholim,Sanquelim,,,Protected monument/site under Goa State Act (listed by Goa Archives & Archaeology in TCP regulations),Private,,,,,,Not yet assessed,No condition value assigned in starter dataset,0,Official listing verified,None yet,,Goa Town & Country Planning Department / Goa Archives & Archaeology listing,https://tcp.goa.gov.in/wp-content/uploads/2017/GLDBCR_2010/regulations/1011-24-SI-OG.pdf,"Goa Land Development and Building Construction Regulations, 2010 — protected monuments list (Section B)",Starter dataset. Coordinates and descriptive fields to be enriched.,,,Needs verified historical content,False,Not generated,,,False,AI explanation is generated only from the verified heritage information available for this site; it does not establish official historical facts.
STATE-GOA-023,Namazgah,Religious Heritage,North Goa,Bicholim,Dicolim,,,Protected monument/site under Goa State Act (listed by Goa Archives & Archaeology in TCP regulations),Private,,,,,,Not yet assessed,No condition value assigned in starter dataset,0,Official listing verified,None yet,,Goa Town & Country Planning Department / Goa Archives & Archaeology listing,https://tcp.goa.gov.in/wp-content/uploads/2017/GLDBCR_2010/regulations/1011-24-SI-OG.pdf,"Goa Land Development and Building Construction Regulations, 2010 — protected monuments list (Section B)",Starter dataset. Coordinates and descriptive fields to be enriched.,,,Needs verified historical content,False,Not generated,,,False,AI explanation is generated only from the verified heritage information available for this site; it does not establish official historical facts.
STATE-GOA-024,The Cave of Sidhanath at Surla Tar,Archaeological,North Goa,Bicholim,Surla Tar,,,Protected monument/site under Goa State Act (listed by Goa Archives & Archaeology in TCP regulations),Government,,,,,,Not yet assessed,No condition value assigned in starter dataset,0,Official listing verified,None yet,,Goa Town & Country Planning Department / Goa Archives & Archaeology listing,https://tcp.goa.gov.in/wp-content/uploads/2017/GLDBCR_2010/regulations/1011-24-SI-OG.pdf,"Goa Land Development and Building Construction Regulations, 2010 — protected monuments list (Section B)",Starter dataset. Coordinates and descriptive fields to be enriched.,,,Needs verified historical content,False,Not generated,,,False,AI explanation is generated only from the verified heritage information available for this site; it does not establish official historical facts.
STATE-GOA-025,The Mosque and Tank at Surla Tar,Religious Heritage,North Goa,Bicholim,Surla Tar,,,Protected monument/site under Goa State Act (listed by Goa Archives & Archaeology in TCP regulations),Private,,,,,,Not yet assessed,No condition value assigned in starter dataset,0,Official listing verified,None yet,,Goa Town & Country Planning Department / Goa Archives & Archaeology listing,https://tcp.goa.gov.in/wp-content/uploads/2017/GLDBCR_2010/regulations/1011-24-SI-OG.pdf,"Goa Land Development and Building Construction Regulations, 2010 — protected monuments list (Section B)",Starter dataset. Coordinates and descriptive fields to be enriched.,,,Needs verified historical content,False,Not generated,,,False,AI explanation is generated only from the verified heritage information available for this site; it does not establish official historical facts.
STATE-GOA-026,Site of Ruins of Manguesh temple,Archaeological,South Goa,Salcete,Cortalim,,,Protected monument/site under Goa State Act (listed by Goa Archives & Archaeology in TCP regulations),Private,,,,,,Not yet assessed,No condition value assigned in starter dataset,0,Official listing verified,None yet,,Goa Town & Country Planning Department / Goa Archives & Archaeology listing,https://tcp.goa.gov.in/wp-content/uploads/2017/GLDBCR_2010/regulations/1011-24-SI-OG.pdf,"Goa Land Development and Building Construction Regulations, 2010 — protected monuments list (Section B)",Starter dataset. Coordinates and descriptive fields to be enriched.,,,Needs verified historical content,False,Not generated,,,False,AI explanation is generated only from the verified heritage information available for this site; it does not establish official historical facts.
STATE-GOA-027,Site of Ruins of Quelossim Shantadurga Temple,Archaeological,South Goa,Salcete,Quelossim,,,Protected monument/site under Goa State Act (listed by Goa Archives & Archaeology in TCP regulations),Private,,,,,,Not yet assessed,No condition value assigned in starter dataset,0,Official listing verified,None yet,,Goa Town & Country Planning Department / Goa Archives & Archaeology listing,https://tcp.goa.gov.in/wp-content/uploads/2017/GLDBCR_2010/regulations/1011-24-SI-OG.pdf,"Goa Land Development and Building Construction Regulations, 2010 — protected monuments list (Section B)",Starter dataset. Coordinates and descriptive fields to be enriched.,,,Needs verified historical content,False,Not generated,,,False,AI explanation is generated only from the verified heritage information available for this site; it does not establish official historical facts.
STATE-GOA-028,Site – Ruins of Ramnath Temple,Archaeological,South Goa,Salcete,Loutolim,,,Protected monument/site under Goa State Act (listed by Goa Archives & Archaeology in TCP regulations),Private,,,,,,Not yet assessed,No condition value assigned in starter dataset,0,Official listing verified,None yet,,Goa Town & Country Planning Department / Goa Archives & Archaeology listing,https://tcp.goa.gov.in/wp-content/uploads/2017/GLDBCR_2010/regulations/1011-24-SI-OG.pdf,"Goa Land Development and Building Construction Regulations, 2010 — protected monuments list (Section B)",Starter dataset. Coordinates and descriptive fields to be enriched.,,,Needs verified historical content,False,Not generated,,,False,AI explanation is generated only from the verified heritage information available for this site; it does not establish official historical facts.
STATE-GOA-029,Ruins including Tank of Verna Temple of Mahalasa,Archaeological,South Goa,Salcete,Verna,,,Protected monument/site under Goa State Act (listed by Goa Archives & Archaeology in TCP regulations),Private,,,,,,Not yet assessed,No condition value assigned in starter dataset,0,Official listing verified,None yet,,Goa Town & Country Planning Department / Goa Archives & Archaeology listing,https://tcp.goa.gov.in/wp-content/uploads/2017/GLDBCR_2010/regulations/1011-24-SI-OG.pdf,"Goa Land Development and Building Construction Regulations, 2010 — protected monuments list (Section B)",Starter dataset. Coordinates and descriptive fields to be enriched.,,,Needs verified historical content,False,Not generated,,,False,AI explanation is generated only from the verified heritage information available for this site; it does not establish official historical facts.
STATE-GOA-030,Gate of Rachol Fortress,Fort,South Goa,Salcete,Rachol,,,Protected monument/site under Goa State Act (listed by Goa Archives & Archaeology in TCP regulations),Private,,,,,,Not yet assessed,No condition value assigned in starter dataset,0,Official listing verified,None yet,,Goa Town & Country Planning Department / Goa Archives & Archaeology listing,https://tcp.goa.gov.in/wp-content/uploads/2017/GLDBCR_2010/regulations/1011-24-SI-OG.pdf,"Goa Land Development and Building Construction Regulations, 2010 — protected monuments list (Section B)",Starter dataset. Coordinates and descriptive fields to be enriched.,,,Needs verified historical content,False,Not generated,,,False,AI explanation is generated only from the verified heritage information available for this site; it does not establish official historical facts.
STATE-GOA-031,Caves of Aquem,Archaeological,South Goa,Salcete,Margao,,,Protected monument/site under Goa State Act (listed by Goa Archives & Archaeology in TCP regulations),Private,,,,,,Not yet assessed,No condition value assigned in starter dataset,0,Official listing verified,None yet,,Goa Town & Country Planning Department / Goa Archives & Archaeology listing,https://tcp.goa.gov.in/wp-content/uploads/2017/GLDBCR_2010/regulations/1011-24-SI-OG.pdf,"Goa Land Development and Building Construction Regulations, 2010 — protected monuments list (Section B)",Starter dataset. Coordinates and descriptive fields to be enriched.,,,Needs verified historical content,False,Not generated,,,False,AI explanation is generated only from the verified heritage information available for this site; it does not establish official historical facts.
STATE-GOA-032,Frontispices of Sancoale Church,Religious Heritage,South Goa,Mormugao,Sancoale,,,Protected monument/site under Goa State Act (listed by Goa Archives & Archaeology in TCP regulations),Private,,,,,,Not yet assessed,No condition value assigned in starter dataset,0,Official listing verified,None yet,,Goa Town & Country Planning Department / Goa Archives & Archaeology listing,https://tcp.goa.gov.in/wp-content/uploads/2017/GLDBCR_2010/regulations/1011-24-SI-OG.pdf,"Goa Land Development and Building Construction Regulations, 2010 — protected monuments list (Section B)",Starter dataset. Coordinates and descriptive fields to be enriched.,,,Needs verified historical content,False,Not generated,,,False,AI explanation is generated only from the verified heritage information available for this site; it does not establish official historical facts.
STATE-GOA-033,The Fort of Marmagoa,Fort,South Goa,Mormugao,Vasco da Gama,,,Protected monument/site under Goa State Act (listed by Goa Archives & Archaeology in TCP regulations),Government,,,,,,Not yet assessed,No condition value assigned in starter dataset,0,Official listing verified,None yet,,Goa Town & Country Planning Department / Goa Archives & Archaeology listing,https://tcp.goa.gov.in/wp-content/uploads/2017/GLDBCR_2010/regulations/1011-24-SI-OG.pdf,"Goa Land Development and Building Construction Regulations, 2010 — protected monuments list (Section B)",Starter dataset. Coordinates and descriptive fields to be enriched.,,,Needs verified historical content,False,Not generated,,,False,AI explanation is generated only from the verified heritage information available for this site; it does not establish official historical facts.
STATE-GOA-034,Site of Kaivailya Math at Consua,Religious Heritage,South Goa,Mormugao,Cortalim,,,Protected monument/site under Goa State Act (listed by Goa Archives & Archaeology in TCP regulations),Government,,,,,,Not yet assessed,No condition value assigned in starter dataset,0,Official listing verified,None yet,,Goa Town & Country Planning Department / Goa Archives & Archaeology listing,https://tcp.goa.gov.in/wp-content/uploads/2017/GLDBCR_2010/regulations/1011-24-SI-OG.pdf,"Goa Land Development and Building Construction Regulations, 2010 — protected monuments list (Section B)",Starter dataset. Coordinates and descriptive fields to be enriched.,,,Needs verified historical content,False,Not generated,,,False,AI explanation is generated only from the verified heritage information available for this site; it does not establish official historical facts.
STATE-GOA-035,Shri Chandranath Temple,Religious Heritage,South Goa,Quepem,Paroda,,,Protected monument/site under Goa State Act (listed by Goa Archives & Archaeology in TCP regulations),Private,,,,,,Not yet assessed,No condition value assigned in starter dataset,0,Official listing verified,None yet,,Goa Town & Country Planning Department / Goa Archives & Archaeology listing,https://tcp.goa.gov.in/wp-content/uploads/2017/GLDBCR_2010/regulations/1011-24-SI-OG.pdf,"Goa Land Development and Building Construction Regulations, 2010 — protected monuments list (Section B)",Starter dataset. Coordinates and descriptive fields to be enriched.,,,Needs verified historical content,False,Not generated,,,False,AI explanation is generated only from the verified heritage information available for this site; it does not establish official historical facts.
STATE-GOA-036,Site of Rock Carvings of Kazur-Kazur,Archaeological,South Goa,Quepem,Cavare,,,Protected monument/site under Goa State Act (listed by Goa Archives & Archaeology in TCP regulations),Devasthan,,,,,,Not yet assessed,No condition value assigned in starter dataset,0,Official listing verified,None yet,,Goa Town & Country Planning Department / Goa Archives & Archaeology listing,https://tcp.goa.gov.in/wp-content/uploads/2017/GLDBCR_2010/regulations/1011-24-SI-OG.pdf,"Goa Land Development and Building Construction Regulations, 2010 — protected monuments list (Section B)",Starter dataset. Coordinates and descriptive fields to be enriched.,,,Needs verified historical content,False,Not generated,,,False,AI explanation is generated only from the verified heritage information available for this site; it does not establish official historical facts.
STATE-GOA-037,Cabo de Rama Fort,Fort,South Goa,Canacona,Cabo de Rama,,,Protected monument/site under Goa State Act (listed by Goa Archives & Archaeology in TCP regulations),Government,,,,,,Not yet assessed,No condition value assigned in starter dataset,0,Official listing verified,None yet,,Goa Town & Country Planning Department / Goa Archives & Archaeology listing,https://tcp.goa.gov.in/wp-content/uploads/2017/GLDBCR_2010/regulations/1011-24-SI-OG.pdf,"Goa Land Development and Building Construction Regulations, 2010 — protected monuments list (Section B)",Starter dataset. Coordinates and descriptive fields to be enriched.,,,Needs verified historical content,False,Not generated,,,False,AI explanation is generated only from the verified heritage information available for this site; it does not establish official historical facts.
STATE-GOA-038,Caves at Rivona,Archaeological,South Goa,Sanguem,Rivona,,,Protected monument/site under Goa State Act (listed by Goa Archives & Archaeology in TCP regulations),Private,,,,,,Not yet assessed,No condition value assigned in starter dataset,0,Official listing verified,None yet,,Goa Town & Country Planning Department / Goa Archives & Archaeology listing,https://tcp.goa.gov.in/wp-content/uploads/2017/GLDBCR_2010/regulations/1011-24-SI-OG.pdf,"Goa Land Development and Building Construction Regulations, 2010 — protected monuments list (Section B)",Starter dataset. Coordinates and descriptive fields to be enriched.,,,Needs verified historical content,False,Not generated,,,False,AI explanation is generated only from the verified heritage information available for this site; it does not establish official historical facts.
STATE-GOA-039,"Site of Rock Carving at Colomb, Pansaimal",Archaeological,South Goa,Sanguem,Colomb/Pansaimal Rivona,,,Protected monument/site under Goa State Act (listed by Goa Archives & Archaeology in TCP regulations),Government,,,,,,Not yet assessed,No condition value assigned in starter dataset,0,Official listing verified,None yet,,Goa Town & Country Planning Department / Goa Archives & Archaeology listing,https://tcp.goa.gov.in/wp-content/uploads/2017/GLDBCR_2010/regulations/1011-24-SI-OG.pdf,"Goa Land Development and Building Construction Regulations, 2010 — protected monuments list (Section B)",Starter dataset. Coordinates and descriptive fields to be enriched.,,,Needs verified historical content,False,Not generated,,,False,AI explanation is generated only from the verified heritage information available for this site; it does not establish official historical facts.
STATE-GOA-040,The Cave at Shigao,Archaeological,South Goa,Sanguem,Shigao,,,Protected monument/site under Goa State Act (listed by Goa Archives & Archaeology in TCP regulations),Private,,,,,,Not yet assessed,No condition value assigned in starter dataset,0,Official listing verified,None yet,,Goa Town & Country Planning Department / Goa Archives & Archaeology listing,https://tcp.goa.gov.in/wp-content/uploads/2017/GLDBCR_2010/regulations/1011-24-SI-OG.pdf,"Goa Land Development and Building Construction Regulations, 2010 — protected monuments list (Section B)",Starter dataset. Coordinates and descriptive fields to be enriched.,,,Needs verified historical content,False,Not generated,,,False,AI explanation is generated only from the verified heritage information available for this site; it does not establish official historical facts.
STATE-GOA-041,The Site of Narayandev at Vichuendre,Religious Heritage,South Goa,Sanguem,Vichundre,,,Protected monument/site under Goa State Act (listed by Goa Archives & Archaeology in TCP regulations),Private,,,,,,Not yet assessed,No condition value assigned in starter dataset,0,Official listing verified,None yet,,Goa Town & Country Planning Department / Goa Archives & Archaeology listing,https://tcp.goa.gov.in/wp-content/uploads/2017/GLDBCR_2010/regulations/1011-24-SI-OG.pdf,"Goa Land Development and Building Construction Regulations, 2010 — protected monuments list (Section B)",Starter dataset. Coordinates and descriptive fields to be enriched.,,,Needs verified historical content,False,Not generated,,,False,AI explanation is generated only from the verified heritage information available for this site; it does not establish official historical facts.
STATE-GOA-042,Caves at Khandepar,Archaeological,North Goa,Ponda,Khandepar,,,Protected monument/site under Goa State Act (listed by Goa Archives & Archaeology in TCP regulations),Private,,,,,,Not yet assessed,No condition value assigned in starter dataset,0,Official listing verified,None yet,,Goa Town & Country Planning Department / Goa Archives & Archaeology listing,https://tcp.goa.gov.in/wp-content/uploads/2017/GLDBCR_2010/regulations/1011-24-SI-OG.pdf,"Goa Land Development and Building Construction Regulations, 2010 — protected monuments list (Section B)",Starter dataset. Coordinates and descriptive fields to be enriched.,,,Needs verified historical content,False,Not generated,,,False,AI explanation is generated only from the verified heritage information available for this site; it does not establish official historical facts.
STATE-GOA-043,Cave at Ishwarbhat,Archaeological,North Goa,Ponda,Khandepar,,,Protected monument/site under Goa State Act (listed by Goa Archives & Archaeology in TCP regulations),Private,,,,,,Not yet assessed,No condition value assigned in starter dataset,0,Official listing verified,None yet,,Goa Town & Country Planning Department / Goa Archives & Archaeology listing,https://tcp.goa.gov.in/wp-content/uploads/2017/GLDBCR_2010/regulations/1011-24-SI-OG.pdf,"Goa Land Development and Building Construction Regulations, 2010 — protected monuments list (Section B)",Starter dataset. Coordinates and descriptive fields to be enriched.,,,Needs verified historical content,False,Not generated,,,False,AI explanation is generated only from the verified heritage information available for this site; it does not establish official historical facts.
STATE-GOA-044,Cave at Mangueshi,Archaeological,North Goa,Ponda,Mangueshi,,,Protected monument/site under Goa State Act (listed by Goa Archives & Archaeology in TCP regulations),Private,,,,,,Not yet assessed,No condition value assigned in starter dataset,0,Official listing verified,None yet,,Goa Town & Country Planning Department / Goa Archives & Archaeology listing,https://tcp.goa.gov.in/wp-content/uploads/2017/GLDBCR_2010/regulations/1011-24-SI-OG.pdf,"Goa Land Development and Building Construction Regulations, 2010 — protected monuments list (Section B)",Starter dataset. Coordinates and descriptive fields to be enriched.,,,Needs verified historical content,False,Not generated,,,False,AI explanation is generated only from the verified heritage information available for this site; it does not establish official historical facts.
STATE-GOA-045,Shri Naguesh Temple,Religious Heritage,North Goa,Ponda,Bandora,,,Protected monument/site under Goa State Act (listed by Goa Archives & Archaeology in TCP regulations),Private,,,,,,Not yet assessed,No condition value assigned in starter dataset,0,Official listing verified,None yet,,Goa Town & Country Planning Department / Goa Archives & Archaeology listing,https://tcp.goa.gov.in/wp-content/uploads/2017/GLDBCR_2010/regulations/1011-24-SI-OG.pdf,"Goa Land Development and Building Construction Regulations, 2010 — protected monuments list (Section B)",Starter dataset. Coordinates and descriptive fields to be enriched.,,,Needs verified historical content,False,Not generated,,,False,AI explanation is generated only from the verified heritage information available for this site; it does not establish official historical facts.
STATE-GOA-046,Shri Kamakshi Temple,Religious Heritage,North Goa,Ponda,Shiroda,,,Protected monument/site under Goa State Act (listed by Goa Archives & Archaeology in TCP regulations),Private,,,,,,Not yet assessed,No condition value assigned in starter dataset,0,Official listing verified,None yet,,Goa Town & Country Planning Department / Goa Archives & Archaeology listing,https://tcp.goa.gov.in/wp-content/uploads/2017/GLDBCR_2010/regulations/1011-24-SI-OG.pdf,"Goa Land Development and Building Construction Regulations, 2010 — protected monuments list (Section B)",Starter dataset. Coordinates and descriptive fields to be enriched.,,,Needs verified historical content,False,Not generated,,,False,AI explanation is generated only from the verified heritage information available for this site; it does not establish official historical facts.
STATE-GOA-047,Shri Sapatakoteshwar Temple,Religious Heritage,North Goa,Ponda,Khandepar,,,Protected monument/site under Goa State Act (listed by Goa Archives & Archaeology in TCP regulations),Private,,,,,,Not yet assessed,No condition value assigned in starter dataset,0,Official listing verified,None yet,,Goa Town & Country Planning Department / Goa Archives & Archaeology listing,https://tcp.goa.gov.in/wp-content/uploads/2017/GLDBCR_2010/regulations/1011-24-SI-OG.pdf,"Goa Land Development and Building Construction Regulations, 2010 — protected monuments list (Section B)",Starter dataset. Coordinates and descriptive fields to be enriched.,,,Needs verified historical content,False,Not generated,,,False,AI explanation is generated only from the verified heritage information available for this site; it does not establish official historical facts.
STATE-GOA-048,Shri Mahadev Temple,Religious Heritage,North Goa,Ponda,Durbhat,,,Protected monument/site under Goa State Act (listed by Goa Archives & Archaeology in TCP regulations),Private,,,,,,Not yet assessed,No condition value assigned in starter dataset,0,Official listing verified,None yet,,Goa Town & Country Planning Department / Goa Archives & Archaeology listing,https://tcp.goa.gov.in/wp-content/uploads/2017/GLDBCR_2010/regulations/1011-24-SI-OG.pdf,"Goa Land Development and Building Construction Regulations, 2010 — protected monuments list (Section B)",Starter dataset. Coordinates and descriptive fields to be enriched.,,,Needs verified historical content,False,Not generated,,,False,AI explanation is generated only from the verified heritage information available for this site; it does not establish official historical facts.
STATE-GOA-049,Ruins of Jaina Basti,Archaeological,North Goa,Ponda,Bandora,,,Protected monument/site under Goa State Act (listed by Goa Archives & Archaeology in TCP regulations),Private,,,,,,Not yet assessed,No condition value assigned in starter dataset,0,Official listing verified,None yet,,Goa Town & Country Planning Department / Goa Archives & Archaeology listing,https://tcp.goa.gov.in/wp-content/uploads/2017/GLDBCR_2010/regulations/1011-24-SI-OG.pdf,"Goa Land Development and Building Construction Regulations, 2010 — protected monuments list (Section B)",Starter dataset. Coordinates and descriptive fields to be enriched.,,,Needs verified historical content,False,Not generated,,,False,AI explanation is generated only from the verified heritage information available for this site; it does not establish official historical facts.
STATE-GOA-050,Fort of Alorna,Fort,North Goa,Pernem,Alorna,,,Protected monument/site under Goa State Act (listed by Goa Archives & Archaeology in TCP regulations),Government,,,,,,Not yet assessed,No condition value assigned in starter dataset,0,Official listing verified,None yet,,Goa Town & Country Planning Department / Goa Archives & Archaeology listing,https://tcp.goa.gov.in/wp-content/uploads/2017/GLDBCR_2010/regulations/1011-24-SI-OG.pdf,"Goa Land Development and Building Construction Regulations, 2010 — protected monuments list (Section B)",Starter dataset. Coordinates and descriptive fields to be enriched.,,,Needs verified historical content,False,Not generated,,,False,AI explanation is generated only from the verified heritage information available for this site; it does not establish official historical facts.
STATE-GOA-051,Fort of Terekhol,Fort,North Goa,Pernem,Terekhol,,,Protected monument/site under Goa State Act (listed by Goa Archives & Archaeology in TCP regulations),Government,,,,,,Not yet assessed,No condition value assigned in starter dataset,0,Official listing verified,None yet,,Goa Town & Country Planning Department / Goa Archives & Archaeology listing,https://tcp.goa.gov.in/wp-content/uploads/2017/GLDBCR_2010/regulations/1011-24-SI-OG.pdf,"Goa Land Development and Building Construction Regulations, 2010 — protected monuments list (Section B)",Starter dataset. Coordinates and descriptive fields to be enriched.,,,Needs verified historical content,False,Not generated,,,False,AI explanation is generated only from the verified heritage information available for this site; it does not establish official historical facts.
