site_id,name,category,district,taluka,locality,latitude,longitude,geocode_query,heritage_status,ownership,historical_background,architecture,cultural_significance,current_condition,condition_basis,reported_issues_count,verification_status,community_story_status,image_url,source_name,source_url,source_reference,notes
ASI-GOA-001,Rock cut caves,Archaeological,North Goa,,Arvalem,,,"Rock cut caves, Arvalem, Goa, India",Centrally Protected Monument/Site — ASI Goa Circle,,,,,Not yet assessed,No condition value assigned in starter dataset,0,Official source verified,None yet,,Archaeological Survey of India,https://asi.nic.in/admin/whatsnew/download/719,ASI Goa Circle list (21 sites),Initial authoritative map record; geocode before production use.
ASI-GOA-002,Auguda Fortress (Upper),Fort,North Goa,,Candolim,,,"Auguda Fortress (Upper), Candolim, Goa, India",Centrally Protected Monument/Site — ASI Goa Circle,,,,,Not yet assessed,No condition value assigned in starter dataset,0,Official source verified,None yet,,Archaeological Survey of India,https://asi.nic.in/admin/whatsnew/download/719,ASI Goa Circle list (21 sites),Initial authoritative map record; geocode before production use.
ASI-GOA-003,Fortification Wall of Auguda Fortress (Lower),Fort,North Goa,,Candolim,,,"Fortification Wall of Auguda Fortress (Lower), Candolim, Goa, India",Centrally Protected Monument/Site — ASI Goa Circle,,,,,Not yet assessed,No condition value assigned in starter dataset,0,Official source verified,None yet,,Archaeological Survey of India,https://asi.nic.in/admin/whatsnew/download/719,ASI Goa Circle list (21 sites),Initial authoritative map record; geocode before production use.
ASI-GOA-004,Arch of Adil Shah’s Palace,Monument,North Goa,,Old Goa,,,"Arch of Adil Shah’s Palace, Old Goa, Goa, India",Centrally Protected Monument/Site — ASI Goa Circle,,,,,Not yet assessed,No condition value assigned in starter dataset,0,Official source verified,None yet,,Archaeological Survey of India,https://asi.nic.in/admin/whatsnew/download/719,ASI Goa Circle list (21 sites),Initial authoritative map record; geocode before production use.
ASI-GOA-005,Arch of Viceroy,Monument,North Goa,,Old Goa,,,"Arch of Viceroy, Old Goa, Goa, India",Centrally Protected Monument/Site — ASI Goa Circle,,,,,Not yet assessed,No condition value assigned in starter dataset,0,Official source verified,None yet,,Archaeological Survey of India,https://asi.nic.in/admin/whatsnew/download/719,ASI Goa Circle list (21 sites),Initial authoritative map record; geocode before production use.
ASI-GOA-006,Basilica of Bom Jesus,Religious Heritage,North Goa,,Old Goa,,,"Basilica of Bom Jesus, Old Goa, Goa, India",Centrally Protected Monument/Site — ASI Goa Circle,,,,,Not yet assessed,No condition value assigned in starter dataset,0,Official source verified,None yet,,Archaeological Survey of India,https://asi.nic.in/admin/whatsnew/download/719,ASI Goa Circle list (21 sites),Initial authoritative map record; geocode before production use.
ASI-GOA-007,Chapel of St. Cajetan,Religious Heritage,North Goa,,Old Goa,,,"Chapel of St. Cajetan, Old Goa, Goa, India",Centrally Protected Monument/Site — ASI Goa Circle,,,,,Not yet assessed,No condition value assigned in starter dataset,0,Official source verified,None yet,,Archaeological Survey of India,https://asi.nic.in/admin/whatsnew/download/719,ASI Goa Circle list (21 sites),Initial authoritative map record; geocode before production use.
ASI-GOA-008,Chapel of St. Catherine,Religious Heritage,North Goa,,Old Goa,,,"Chapel of St. Catherine, Old Goa, Goa, India",Centrally Protected Monument/Site — ASI Goa Circle,,,,,Not yet assessed,No condition value assigned in starter dataset,0,Official source verified,None yet,,Archaeological Survey of India,https://asi.nic.in/admin/whatsnew/download/719,ASI Goa Circle list (21 sites),Initial authoritative map record; geocode before production use.
ASI-GOA-009,Chapel of St. Francis Xavier and connected buildings,Religious Heritage,North Goa,,Old Goa,,,"Chapel of St. Francis Xavier and connected buildings, Old Goa, Goa, India",Centrally Protected Monument/Site — ASI Goa Circle,,,,,Not yet assessed,No condition value assigned in starter dataset,0,Official source verified,None yet,,Archaeological Survey of India,https://asi.nic.in/admin/whatsnew/download/719,ASI Goa Circle list (21 sites),Initial authoritative map record; geocode before production use.
ASI-GOA-010,Church and Convent of St. Francis Assisi,Religious Heritage,North Goa,,Old Goa,,,"Church and Convent of St. Francis Assisi, Old Goa, Goa, India",Centrally Protected Monument/Site — ASI Goa Circle,,,,,Not yet assessed,No condition value assigned in starter dataset,0,Official source verified,None yet,,Archaeological Survey of India,https://asi.nic.in/admin/whatsnew/download/719,ASI Goa Circle list (21 sites),Initial authoritative map record; geocode before production use.
ASI-GOA-011,Church of Lady of Rosary,Religious Heritage,North Goa,,Old Goa,,,"Church of Lady of Rosary, Old Goa, Goa, India",Centrally Protected Monument/Site — ASI Goa Circle,,,,,Not yet assessed,No condition value assigned in starter dataset,0,Official source verified,None yet,,Archaeological Survey of India,https://asi.nic.in/admin/whatsnew/download/719,ASI Goa Circle list (21 sites),Initial authoritative map record; geocode before production use.
ASI-GOA-012,Church of St. Augustine,Religious Heritage,North Goa,,Old Goa,,,"Church of St. Augustine, Old Goa, Goa, India",Centrally Protected Monument/Site — ASI Goa Circle,,,,,Not yet assessed,No condition value assigned in starter dataset,0,Official source verified,None yet,,Archaeological Survey of India,https://asi.nic.in/admin/whatsnew/download/719,ASI Goa Circle list (21 sites),Initial authoritative map record; geocode before production use.
ASI-GOA-013,House of Bull,Historic Building,North Goa,,Old Goa,,,"House of Bull, Old Goa, Goa, India",Centrally Protected Monument/Site — ASI Goa Circle,,,,,Not yet assessed,No condition value assigned in starter dataset,0,Official source verified,None yet,,Archaeological Survey of India,https://asi.nic.in/admin/whatsnew/download/719,ASI Goa Circle list (21 sites),Initial authoritative map record; geocode before production use.
ASI-GOA-014,Largo of St. Cajetan together with other monuments,Heritage Precinct,North Goa,,Old Goa,,,"Largo of St. Cajetan together with other monuments, Old Goa, Goa, India",Centrally Protected Monument/Site — ASI Goa Circle,,,,,Not yet assessed,No condition value assigned in starter dataset,0,Official source verified,None yet,,Archaeological Survey of India,https://asi.nic.in/admin/whatsnew/download/719,ASI Goa Circle list (21 sites),Initial authoritative map record; geocode before production use.
ASI-GOA-015,Largo of St. Francis Xavier,Heritage Precinct,North Goa,,Old Goa,,,"Largo of St. Francis Xavier, Old Goa, Goa, India",Centrally Protected Monument/Site — ASI Goa Circle,,,,,Not yet assessed,No condition value assigned in starter dataset,0,Official source verified,None yet,,Archaeological Survey of India,https://asi.nic.in/admin/whatsnew/download/719,ASI Goa Circle list (21 sites),Initial authoritative map record; geocode before production use.
ASI-GOA-016,Portal remains of St. Paul’s College,Archaeological,North Goa,,Old Goa,,,"Portal remains of St. Paul’s College, Old Goa, Goa, India",Centrally Protected Monument/Site — ASI Goa Circle,,,,,Not yet assessed,No condition value assigned in starter dataset,0,Official source verified,None yet,,Archaeological Survey of India,https://asi.nic.in/admin/whatsnew/download/719,ASI Goa Circle list (21 sites),Initial authoritative map record; geocode before production use.
ASI-GOA-017,Se’ Cathedral,Religious Heritage,North Goa,,Old Goa,,,"Se’ Cathedral, Old Goa, Goa, India",Centrally Protected Monument/Site — ASI Goa Circle,,,,,Not yet assessed,No condition value assigned in starter dataset,0,Official source verified,None yet,,Archaeological Survey of India,https://asi.nic.in/admin/whatsnew/download/719,ASI Goa Circle list (21 sites),Initial authoritative map record; geocode before production use.
ASI-GOA-018,Safa Masjid,Religious Heritage,North Goa,,Ponda,,,"Safa Masjid, Ponda, Goa, India",Centrally Protected Monument/Site — ASI Goa Circle,,,,,Not yet assessed,No condition value assigned in starter dataset,0,Official source verified,None yet,,Archaeological Survey of India,https://asi.nic.in/admin/whatsnew/download/719,ASI Goa Circle list (21 sites),Initial authoritative map record; geocode before production use.
ASI-GOA-019,Excavated site,Archaeological,South Goa,,Chandor,,,"Excavated site, Chandor, Goa, India",Centrally Protected Monument/Site — ASI Goa Circle,,,,,Not yet assessed,No condition value assigned in starter dataset,0,Official source verified,None yet,,Archaeological Survey of India,https://asi.nic.in/admin/whatsnew/download/719,ASI Goa Circle list (21 sites),Initial authoritative map record; geocode before production use.
ASI-GOA-020,Mahadev Temple,Religious Heritage,South Goa,,Kurdi,,,"Mahadev Temple, Kurdi, Goa, India",Centrally Protected Monument/Site — ASI Goa Circle,,,,,Not yet assessed,No condition value assigned in starter dataset,0,Official source verified,None yet,,Archaeological Survey of India,https://asi.nic.in/admin/whatsnew/download/719,ASI Goa Circle list (21 sites),Initial authoritative map record; geocode before production use.
ASI-GOA-021,Mahadev Temple,Religious Heritage,South Goa,,Tambdisurla,,,"Mahadev Temple, Tambdisurla, Goa, India",Centrally Protected Monument/Site — ASI Goa Circle,,,,,Not yet assessed,No condition value assigned in starter dataset,0,Official source verified,None yet,,Archaeological Survey of India,https://asi.nic.in/admin/whatsnew/download/719,ASI Goa Circle list (21 sites),Initial authoritative map record; geocode before production use.
STATE-GOA-001,Ruins of Bhramapuri,Archaeological,North Goa,Tiswadi,Ella,,,"Ruins of Bhramapuri, Ella, Tiswadi, Goa, India",Protected monument/site under Goa State Act (listed by Goa Archives & Archaeology in TCP regulations),Private,,,,Not yet assessed,No condition value assigned in starter dataset,0,Official listing verified,None yet,,Goa Town & Country Planning Department / Goa Archives & Archaeology listing,https://tcp.goa.gov.in/wp-content/uploads/2017/GLDBCR_2010/regulations/1011-24-SI-OG.pdf,"Goa Land Development and Building Construction Regulations, 2010 — protected monuments list (Section B)",Starter dataset. Coordinates and descriptive fields to be enriched.
STATE-GOA-002,Chapel of St. Xavier,Religious Heritage,North Goa,Tiswadi,Ella,,,"Chapel of St. Xavier, Ella, Tiswadi, Goa, India",Protected monument/site under Goa State Act (listed by Goa Archives & Archaeology in TCP regulations),Private,,,,Not yet assessed,No condition value assigned in starter dataset,0,Official listing verified,None yet,,Goa Town & Country Planning Department / Goa Archives & Archaeology listing,https://tcp.goa.gov.in/wp-content/uploads/2017/GLDBCR_2010/regulations/1011-24-SI-OG.pdf,"Goa Land Development and Building Construction Regulations, 2010 — protected monuments list (Section B)",Starter dataset. Coordinates and descriptive fields to be enriched.
STATE-GOA-003,Chapel of Our Lady of Monte,Religious Heritage,North Goa,Tiswadi,Ella,,,"Chapel of Our Lady of Monte, Ella, Tiswadi, Goa, India",Protected monument/site under Goa State Act (listed by Goa Archives & Archaeology in TCP regulations),Private,,,,Not yet assessed,No condition value assigned in starter dataset,0,Official listing verified,None yet,,Goa Town & Country Planning Department / Goa Archives & Archaeology listing,https://tcp.goa.gov.in/wp-content/uploads/2017/GLDBCR_2010/regulations/1011-24-SI-OG.pdf,"Goa Land Development and Building Construction Regulations, 2010 — protected monuments list (Section B)",Starter dataset. Coordinates and descriptive fields to be enriched.
STATE-GOA-004,Convent of St. Monica and Chapel,Religious Heritage,North Goa,Tiswadi,Ella,,,"Convent of St. Monica and Chapel, Ella, Tiswadi, Goa, India",Protected monument/site under Goa State Act (listed by Goa Archives & Archaeology in TCP regulations),Private,,,,Not yet assessed,No condition value assigned in starter dataset,0,Official listing verified,None yet,,Goa Town & Country Planning Department / Goa Archives & Archaeology listing,https://tcp.goa.gov.in/wp-content/uploads/2017/GLDBCR_2010/regulations/1011-24-SI-OG.pdf,"Goa Land Development and Building Construction Regulations, 2010 — protected monuments list (Section B)",Starter dataset. Coordinates and descriptive fields to be enriched.
STATE-GOA-005,Ruins of College of St. Populo,Archaeological,North Goa,Tiswadi,Ella,,,"Ruins of College of St. Populo, Ella, Tiswadi, Goa, India",Protected monument/site under Goa State Act (listed by Goa Archives & Archaeology in TCP regulations),Private,,,,Not yet assessed,No condition value assigned in starter dataset,0,Official listing verified,None yet,,Goa Town & Country Planning Department / Goa Archives & Archaeology listing,https://tcp.goa.gov.in/wp-content/uploads/2017/GLDBCR_2010/regulations/1011-24-SI-OG.pdf,"Goa Land Development and Building Construction Regulations, 2010 — protected monuments list (Section B)",Starter dataset. Coordinates and descriptive fields to be enriched.
STATE-GOA-006,Church of St. Peter,Religious Heritage,North Goa,Tiswadi,Ella,,,"Church of St. Peter, Ella, Tiswadi, Goa, India",Protected monument/site under Goa State Act (listed by Goa Archives & Archaeology in TCP regulations),Private,,,,Not yet assessed,No condition value assigned in starter dataset,0,Official listing verified,None yet,,Goa Town & Country Planning Department / Goa Archives & Archaeology listing,https://tcp.goa.gov.in/wp-content/uploads/2017/GLDBCR_2010/regulations/1011-24-SI-OG.pdf,"Goa Land Development and Building Construction Regulations, 2010 — protected monuments list (Section B)",Starter dataset. Coordinates and descriptive fields to be enriched.
STATE-GOA-007,Casa do Polvora,Historic Building,North Goa,Tiswadi,Panvelim,,,"Casa do Polvora, Panvelim, Tiswadi, Goa, India",Protected monument/site under Goa State Act (listed by Goa Archives & Archaeology in TCP regulations),Government,,,,Not yet assessed,No condition value assigned in starter dataset,0,Official listing verified,None yet,,Goa Town & Country Planning Department / Goa Archives & Archaeology listing,https://tcp.goa.gov.in/wp-content/uploads/2017/GLDBCR_2010/regulations/1011-24-SI-OG.pdf,"Goa Land Development and Building Construction Regulations, 2010 — protected monuments list (Section B)",Starter dataset. Coordinates and descriptive fields to be enriched.
STATE-GOA-008,Fort Nanora,Fort,North Goa,Tiswadi,Narora Divadi,,,"Fort Nanora, Narora Divadi, Tiswadi, Goa, India",Protected monument/site under Goa State Act (listed by Goa Archives & Archaeology in TCP regulations),Government,,,,Not yet assessed,No condition value assigned in starter dataset,0,Official listing verified,None yet,,Goa Town & Country Planning Department / Goa Archives & Archaeology listing,https://tcp.goa.gov.in/wp-content/uploads/2017/GLDBCR_2010/regulations/1011-24-SI-OG.pdf,"Goa Land Development and Building Construction Regulations, 2010 — protected monuments list (Section B)",Starter dataset. Coordinates and descriptive fields to be enriched.
STATE-GOA-009,Site of the Temple of Saptakoteshwar,Archaeological,North Goa,Tiswadi,Narora Divadi,,,"Site of the Temple of Saptakoteshwar, Narora Divadi, Tiswadi, Goa, India",Protected monument/site under Goa State Act (listed by Goa Archives & Archaeology in TCP regulations),Private,,,,Not yet assessed,No condition value assigned in starter dataset,0,Official listing verified,None yet,,Goa Town & Country Planning Department / Goa Archives & Archaeology listing,https://tcp.goa.gov.in/wp-content/uploads/2017/GLDBCR_2010/regulations/1011-24-SI-OG.pdf,"Goa Land Development and Building Construction Regulations, 2010 — protected monuments list (Section B)",Starter dataset. Coordinates and descriptive fields to be enriched.
STATE-GOA-010,Chapel of St. Jeronimus,Religious Heritage,North Goa,Tiswadi,Madel Chodan,,,"Chapel of St. Jeronimus, Madel Chodan, Tiswadi, Goa, India",Protected monument/site under Goa State Act (listed by Goa Archives & Archaeology in TCP regulations),Private,,,,Not yet assessed,No condition value assigned in starter dataset,0,Official listing verified,None yet,,Goa Town & Country Planning Department / Goa Archives & Archaeology listing,https://tcp.goa.gov.in/wp-content/uploads/2017/GLDBCR_2010/regulations/1011-24-SI-OG.pdf,"Goa Land Development and Building Construction Regulations, 2010 — protected monuments list (Section B)",Starter dataset. Coordinates and descriptive fields to be enriched.
STATE-GOA-011,British Cemetery at Dona Paula,Cemetery,North Goa,Tiswadi,Dona Paula,,,"British Cemetery at Dona Paula, Dona Paula, Tiswadi, Goa, India",Protected monument/site under Goa State Act (listed by Goa Archives & Archaeology in TCP regulations),Private,,,,Not yet assessed,No condition value assigned in starter dataset,0,Official listing verified,None yet,,Goa Town & Country Planning Department / Goa Archives & Archaeology listing,https://tcp.goa.gov.in/wp-content/uploads/2017/GLDBCR_2010/regulations/1011-24-SI-OG.pdf,"Goa Land Development and Building Construction Regulations, 2010 — protected monuments list (Section B)",Starter dataset. Coordinates and descriptive fields to be enriched.
STATE-GOA-012,The Site of Fortress of St. Estevam,Fort,North Goa,Tiswadi,St. Estevam,,,"The Site of Fortress of St. Estevam, St. Estevam, Tiswadi, Goa, India",Protected monument/site under Goa State Act (listed by Goa Archives & Archaeology in TCP regulations),Government,,,,Not yet assessed,No condition value assigned in starter dataset,0,Official listing verified,None yet,,Goa Town & Country Planning Department / Goa Archives & Archaeology listing,https://tcp.goa.gov.in/wp-content/uploads/2017/GLDBCR_2010/regulations/1011-24-SI-OG.pdf,"Goa Land Development and Building Construction Regulations, 2010 — protected monuments list (Section B)",Starter dataset. Coordinates and descriptive fields to be enriched.
STATE-GOA-013,Site where the ancient Colvale image of Buddha was discovered,Archaeological,North Goa,Bardez,Colvale,,,"Site where the ancient Colvale image of Buddha was discovered, Colvale, Bardez, Goa, India",Protected monument/site under Goa State Act (listed by Goa Archives & Archaeology in TCP regulations),Private,,,,Not yet assessed,No condition value assigned in starter dataset,0,Official listing verified,None yet,,Goa Town & Country Planning Department / Goa Archives & Archaeology listing,https://tcp.goa.gov.in/wp-content/uploads/2017/GLDBCR_2010/regulations/1011-24-SI-OG.pdf,"Goa Land Development and Building Construction Regulations, 2010 — protected monuments list (Section B)",Starter dataset. Coordinates and descriptive fields to be enriched.
STATE-GOA-014,Fortress of Colvale,Fort,North Goa,Bardez,Colvale,,,"Fortress of Colvale, Colvale, Bardez, Goa, India",Protected monument/site under Goa State Act (listed by Goa Archives & Archaeology in TCP regulations),Government,,,,Not yet assessed,No condition value assigned in starter dataset,0,Official listing verified,None yet,,Goa Town & Country Planning Department / Goa Archives & Archaeology listing,https://tcp.goa.gov.in/wp-content/uploads/2017/GLDBCR_2010/regulations/1011-24-SI-OG.pdf,"Goa Land Development and Building Construction Regulations, 2010 — protected monuments list (Section B)",Starter dataset. Coordinates and descriptive fields to be enriched.
STATE-GOA-015,Reis Magos Fort,Fort,North Goa,Bardez,Reis Magos,,,"Reis Magos Fort, Reis Magos, Bardez, Goa, India",Protected monument/site under Goa State Act (listed by Goa Archives & Archaeology in TCP regulations),Government,,,,Not yet assessed,No condition value assigned in starter dataset,0,Official listing verified,None yet,,Goa Town & Country Planning Department / Goa Archives & Archaeology listing,https://tcp.goa.gov.in/wp-content/uploads/2017/GLDBCR_2010/regulations/1011-24-SI-OG.pdf,"Goa Land Development and Building Construction Regulations, 2010 — protected monuments list (Section B)",Starter dataset. Coordinates and descriptive fields to be enriched.
STATE-GOA-016,Church of Reis Magos,Religious Heritage,North Goa,Bardez,Reis Magos,,,"Church of Reis Magos, Reis Magos, Bardez, Goa, India",Protected monument/site under Goa State Act (listed by Goa Archives & Archaeology in TCP regulations),Private,,,,Not yet assessed,No condition value assigned in starter dataset,0,Official listing verified,None yet,,Goa Town & Country Planning Department / Goa Archives & Archaeology listing,https://tcp.goa.gov.in/wp-content/uploads/2017/GLDBCR_2010/regulations/1011-24-SI-OG.pdf,"Goa Land Development and Building Construction Regulations, 2010 — protected monuments list (Section B)",Starter dataset. Coordinates and descriptive fields to be enriched.
STATE-GOA-017,Chapora Fort,Fort,North Goa,Bardez,Chapora (Caisua),,,"Chapora Fort, Chapora (Caisua), Bardez, Goa, India",Protected monument/site under Goa State Act (listed by Goa Archives & Archaeology in TCP regulations),Government,,,,Not yet assessed,No condition value assigned in starter dataset,0,Official listing verified,None yet,,Goa Town & Country Planning Department / Goa Archives & Archaeology listing,https://tcp.goa.gov.in/wp-content/uploads/2017/GLDBCR_2010/regulations/1011-24-SI-OG.pdf,"Goa Land Development and Building Construction Regulations, 2010 — protected monuments list (Section B)",Starter dataset. Coordinates and descriptive fields to be enriched.
STATE-GOA-018,The Fortress of Khorjuve,Fort,North Goa,Bardez,Khorjuve,,,"The Fortress of Khorjuve, Khorjuve, Bardez, Goa, India",Protected monument/site under Goa State Act (listed by Goa Archives & Archaeology in TCP regulations),Government,,,,Not yet assessed,No condition value assigned in starter dataset,0,Official listing verified,None yet,,Goa Town & Country Planning Department / Goa Archives & Archaeology listing,https://tcp.goa.gov.in/wp-content/uploads/2017/GLDBCR_2010/regulations/1011-24-SI-OG.pdf,"Goa Land Development and Building Construction Regulations, 2010 — protected monuments list (Section B)",Starter dataset. Coordinates and descriptive fields to be enriched.
STATE-GOA-019,Caves at Narora,Archaeological,North Goa,Bicholim,Nanora,,,"Caves at Narora, Nanora, Bicholim, Goa, India",Protected monument/site under Goa State Act (listed by Goa Archives & Archaeology in TCP regulations),Private,,,,Not yet assessed,No condition value assigned in starter dataset,0,Official listing verified,None yet,,Goa Town & Country Planning Department / Goa Archives & Archaeology listing,https://tcp.goa.gov.in/wp-content/uploads/2017/GLDBCR_2010/regulations/1011-24-SI-OG.pdf,"Goa Land Development and Building Construction Regulations, 2010 — protected monuments list (Section B)",Starter dataset. Coordinates and descriptive fields to be enriched.
STATE-GOA-020,Temple of Saptakoteshwar,Religious Heritage,North Goa,Bicholim,Aarora,,,"Temple of Saptakoteshwar, Aarora, Bicholim, Goa, India",Protected monument/site under Goa State Act (listed by Goa Archives & Archaeology in TCP regulations),Private,,,,Not yet assessed,No condition value assigned in starter dataset,0,Official listing verified,None yet,,Goa Town & Country Planning Department / Goa Archives & Archaeology listing,https://tcp.goa.gov.in/wp-content/uploads/2017/GLDBCR_2010/regulations/1011-24-SI-OG.pdf,"Goa Land Development and Building Construction Regulations, 2010 — protected monuments list (Section B)",Starter dataset. Coordinates and descriptive fields to be enriched.
STATE-GOA-021,Site of Gujir,Archaeological,North Goa,Bicholim,Kudnem,,,"Site of Gujir, Kudnem, Bicholim, Goa, India",Protected monument/site under Goa State Act (listed by Goa Archives & Archaeology in TCP regulations),Private,,,,Not yet assessed,No condition value assigned in starter dataset,0,Official listing verified,None yet,,Goa Town & Country Planning Department / Goa Archives & Archaeology listing,https://tcp.goa.gov.in/wp-content/uploads/2017/GLDBCR_2010/regulations/1011-24-SI-OG.pdf,"Goa Land Development and Building Construction Regulations, 2010 — protected monuments list (Section B)",Starter dataset. Coordinates and descriptive fields to be enriched.
STATE-GOA-022,Fort of Sanquelim,Fort,North Goa,Bicholim,Sanquelim,,,"Fort of Sanquelim, Sanquelim, Bicholim, Goa, India",Protected monument/site under Goa State Act (listed by Goa Archives & Archaeology in TCP regulations),Private,,,,Not yet assessed,No condition value assigned in starter dataset,0,Official listing verified,None yet,,Goa Town & Country Planning Department / Goa Archives & Archaeology listing,https://tcp.goa.gov.in/wp-content/uploads/2017/GLDBCR_2010/regulations/1011-24-SI-OG.pdf,"Goa Land Development and Building Construction Regulations, 2010 — protected monuments list (Section B)",Starter dataset. Coordinates and descriptive fields to be enriched.
STATE-GOA-023,Namazgah,Religious Heritage,North Goa,Bicholim,Dicolim,,,"Namazgah, Dicolim, Bicholim, Goa, India",Protected monument/site under Goa State Act (listed by Goa Archives & Archaeology in TCP regulations),Private,,,,Not yet assessed,No condition value assigned in starter dataset,0,Official listing verified,None yet,,Goa Town & Country Planning Department / Goa Archives & Archaeology listing,https://tcp.goa.gov.in/wp-content/uploads/2017/GLDBCR_2010/regulations/1011-24-SI-OG.pdf,"Goa Land Development and Building Construction Regulations, 2010 — protected monuments list (Section B)",Starter dataset. Coordinates and descriptive fields to be enriched.
STATE-GOA-024,The Cave of Sidhanath at Surla Tar,Archaeological,North Goa,Bicholim,Surla Tar,,,"The Cave of Sidhanath at Surla Tar, Surla Tar, Bicholim, Goa, India",Protected monument/site under Goa State Act (listed by Goa Archives & Archaeology in TCP regulations),Government,,,,Not yet assessed,No condition value assigned in starter dataset,0,Official listing verified,None yet,,Goa Town & Country Planning Department / Goa Archives & Archaeology listing,https://tcp.goa.gov.in/wp-content/uploads/2017/GLDBCR_2010/regulations/1011-24-SI-OG.pdf,"Goa Land Development and Building Construction Regulations, 2010 — protected monuments list (Section B)",Starter dataset. Coordinates and descriptive fields to be enriched.
STATE-GOA-025,The Mosque and Tank at Surla Tar,Religious Heritage,North Goa,Bicholim,Surla Tar,,,"The Mosque and Tank at Surla Tar, Surla Tar, Bicholim, Goa, India",Protected monument/site under Goa State Act (listed by Goa Archives & Archaeology in TCP regulations),Private,,,,Not yet assessed,No condition value assigned in starter dataset,0,Official listing verified,None yet,,Goa Town & Country Planning Department / Goa Archives & Archaeology listing,https://tcp.goa.gov.in/wp-content/uploads/2017/GLDBCR_2010/regulations/1011-24-SI-OG.pdf,"Goa Land Development and Building Construction Regulations, 2010 — protected monuments list (Section B)",Starter dataset. Coordinates and descriptive fields to be enriched.
STATE-GOA-026,Site of Ruins of Manguesh temple,Archaeological,South Goa,Salcete,Cortalim,,,"Site of Ruins of Manguesh temple, Cortalim, Salcete, Goa, India",Protected monument/site under Goa State Act (listed by Goa Archives & Archaeology in TCP regulations),Private,,,,Not yet assessed,No condition value assigned in starter dataset,0,Official listing verified,None yet,,Goa Town & Country Planning Department / Goa Archives & Archaeology listing,https://tcp.goa.gov.in/wp-content/uploads/2017/GLDBCR_2010/regulations/1011-24-SI-OG.pdf,"Goa Land Development and Building Construction Regulations, 2010 — protected monuments list (Section B)",Starter dataset. Coordinates and descriptive fields to be enriched.
STATE-GOA-027,Site of Ruins of Quelossim Shantadurga Temple,Archaeological,South Goa,Salcete,Quelossim,,,"Site of Ruins of Quelossim Shantadurga Temple, Quelossim, Salcete, Goa, India",Protected monument/site under Goa State Act (listed by Goa Archives & Archaeology in TCP regulations),Private,,,,Not yet assessed,No condition value assigned in starter dataset,0,Official listing verified,None yet,,Goa Town & Country Planning Department / Goa Archives & Archaeology listing,https://tcp.goa.gov.in/wp-content/uploads/2017/GLDBCR_2010/regulations/1011-24-SI-OG.pdf,"Goa Land Development and Building Construction Regulations, 2010 — protected monuments list (Section B)",Starter dataset. Coordinates and descriptive fields to be enriched.
STATE-GOA-028,Site – Ruins of Ramnath Temple,Archaeological,South Goa,Salcete,Loutolim,,,"Site – Ruins of Ramnath Temple, Loutolim, Salcete, Goa, India",Protected monument/site under Goa State Act (listed by Goa Archives & Archaeology in TCP regulations),Private,,,,Not yet assessed,No condition value assigned in starter dataset,0,Official listing verified,None yet,,Goa Town & Country Planning Department / Goa Archives & Archaeology listing,https://tcp.goa.gov.in/wp-content/uploads/2017/GLDBCR_2010/regulations/1011-24-SI-OG.pdf,"Goa Land Development and Building Construction Regulations, 2010 — protected monuments list (Section B)",Starter dataset. Coordinates and descriptive fields to be enriched.
STATE-GOA-029,Ruins including Tank of Verna Temple of Mahalasa,Archaeological,South Goa,Salcete,Verna,,,"Ruins including Tank of Verna Temple of Mahalasa, Verna, Salcete, Goa, India",Protected monument/site under Goa State Act (listed by Goa Archives & Archaeology in TCP regulations),Private,,,,Not yet assessed,No condition value assigned in starter dataset,0,Official listing verified,None yet,,Goa Town & Country Planning Department / Goa Archives & Archaeology listing,https://tcp.goa.gov.in/wp-content/uploads/2017/GLDBCR_2010/regulations/1011-24-SI-OG.pdf,"Goa Land Development and Building Construction Regulations, 2010 — protected monuments list (Section B)",Starter dataset. Coordinates and descriptive fields to be enriched.
STATE-GOA-030,Gate of Rachol Fortress,Fort,South Goa,Salcete,Rachol,,,"Gate of Rachol Fortress, Rachol, Salcete, Goa, India",Protected monument/site under Goa State Act (listed by Goa Archives & Archaeology in TCP regulations),Private,,,,Not yet assessed,No condition value assigned in starter dataset,0,Official listing verified,None yet,,Goa Town & Country Planning Department / Goa Archives & Archaeology listing,https://tcp.goa.gov.in/wp-content/uploads/2017/GLDBCR_2010/regulations/1011-24-SI-OG.pdf,"Goa Land Development and Building Construction Regulations, 2010 — protected monuments list (Section B)",Starter dataset. Coordinates and descriptive fields to be enriched.
STATE-GOA-031,Caves of Aquem,Archaeological,South Goa,Salcete,Margao,,,"Caves of Aquem, Margao, Salcete, Goa, India",Protected monument/site under Goa State Act (listed by Goa Archives & Archaeology in TCP regulations),Private,,,,Not yet assessed,No condition value assigned in starter dataset,0,Official listing verified,None yet,,Goa Town & Country Planning Department / Goa Archives & Archaeology listing,https://tcp.goa.gov.in/wp-content/uploads/2017/GLDBCR_2010/regulations/1011-24-SI-OG.pdf,"Goa Land Development and Building Construction Regulations, 2010 — protected monuments list (Section B)",Starter dataset. Coordinates and descriptive fields to be enriched.
STATE-GOA-032,Frontispices of Sancoale Church,Religious Heritage,South Goa,Mormugao,Sancoale,,,"Frontispices of Sancoale Church, Sancoale, Mormugao, Goa, India",Protected monument/site under Goa State Act (listed by Goa Archives & Archaeology in TCP regulations),Private,,,,Not yet assessed,No condition value assigned in starter dataset,0,Official listing verified,None yet,,Goa Town & Country Planning Department / Goa Archives & Archaeology listing,https://tcp.goa.gov.in/wp-content/uploads/2017/GLDBCR_2010/regulations/1011-24-SI-OG.pdf,"Goa Land Development and Building Construction Regulations, 2010 — protected monuments list (Section B)",Starter dataset. Coordinates and descriptive fields to be enriched.
STATE-GOA-033,The Fort of Marmagoa,Fort,South Goa,Mormugao,Vasco da Gama,,,"The Fort of Marmagoa, Vasco da Gama, Mormugao, Goa, India",Protected monument/site under Goa State Act (listed by Goa Archives & Archaeology in TCP regulations),Government,,,,Not yet assessed,No condition value assigned in starter dataset,0,Official listing verified,None yet,,Goa Town & Country Planning Department / Goa Archives & Archaeology listing,https://tcp.goa.gov.in/wp-content/uploads/2017/GLDBCR_2010/regulations/1011-24-SI-OG.pdf,"Goa Land Development and Building Construction Regulations, 2010 — protected monuments list (Section B)",Starter dataset. Coordinates and descriptive fields to be enriched.
STATE-GOA-034,Site of Kaivailya Math at Consua,Religious Heritage,South Goa,Mormugao,Cortalim,,,"Site of Kaivailya Math at Consua, Cortalim, Mormugao, Goa, India",Protected monument/site under Goa State Act (listed by Goa Archives & Archaeology in TCP regulations),Government,,,,Not yet assessed,No condition value assigned in starter dataset,0,Official listing verified,None yet,,Goa Town & Country Planning Department / Goa Archives & Archaeology listing,https://tcp.goa.gov.in/wp-content/uploads/2017/GLDBCR_2010/regulations/1011-24-SI-OG.pdf,"Goa Land Development and Building Construction Regulations, 2010 — protected monuments list (Section B)",Starter dataset. Coordinates and descriptive fields to be enriched.
STATE-GOA-035,Shri Chandranath Temple,Religious Heritage,South Goa,Quepem,Paroda,,,"Shri Chandranath Temple, Paroda, Quepem, Goa, India",Protected monument/site under Goa State Act (listed by Goa Archives & Archaeology in TCP regulations),Private,,,,Not yet assessed,No condition value assigned in starter dataset,0,Official listing verified,None yet,,Goa Town & Country Planning Department / Goa Archives & Archaeology listing,https://tcp.goa.gov.in/wp-content/uploads/2017/GLDBCR_2010/regulations/1011-24-SI-OG.pdf,"Goa Land Development and Building Construction Regulations, 2010 — protected monuments list (Section B)",Starter dataset. Coordinates and descriptive fields to be enriched.
STATE-GOA-036,Site of Rock Carvings of Kazur-Kazur,Archaeological,South Goa,Quepem,Cavare,,,"Site of Rock Carvings of Kazur-Kazur, Cavare, Quepem, Goa, India",Protected monument/site under Goa State Act (listed by Goa Archives & Archaeology in TCP regulations),Devasthan,,,,Not yet assessed,No condition value assigned in starter dataset,0,Official listing verified,None yet,,Goa Town & Country Planning Department / Goa Archives & Archaeology listing,https://tcp.goa.gov.in/wp-content/uploads/2017/GLDBCR_2010/regulations/1011-24-SI-OG.pdf,"Goa Land Development and Building Construction Regulations, 2010 — protected monuments list (Section B)",Starter dataset. Coordinates and descriptive fields to be enriched.
STATE-GOA-037,Cabo de Rama Fort,Fort,South Goa,Canacona,Cabo de Rama,,,"Cabo de Rama Fort, Cabo de Rama, Canacona, Goa, India",Protected monument/site under Goa State Act (listed by Goa Archives & Archaeology in TCP regulations),Government,,,,Not yet assessed,No condition value assigned in starter dataset,0,Official listing verified,None yet,,Goa Town & Country Planning Department / Goa Archives & Archaeology listing,https://tcp.goa.gov.in/wp-content/uploads/2017/GLDBCR_2010/regulations/1011-24-SI-OG.pdf,"Goa Land Development and Building Construction Regulations, 2010 — protected monuments list (Section B)",Starter dataset. Coordinates and descriptive fields to be enriched.
STATE-GOA-038,Caves at Rivona,Archaeological,South Goa,Sanguem,Rivona,,,"Caves at Rivona, Rivona, Sanguem, Goa, India",Protected monument/site under Goa State Act (listed by Goa Archives & Archaeology in TCP regulations),Private,,,,Not yet assessed,No condition value assigned in starter dataset,0,Official listing verified,None yet,,Goa Town & Country Planning Department / Goa Archives & Archaeology listing,https://tcp.goa.gov.in/wp-content/uploads/2017/GLDBCR_2010/regulations/1011-24-SI-OG.pdf,"Goa Land Development and Building Construction Regulations, 2010 — protected monuments list (Section B)",Starter dataset. Coordinates and descriptive fields to be enriched.
STATE-GOA-039,"Site of Rock Carving at Colomb, Pansaimal",Archaeological,South Goa,Sanguem,Colomb/Pansaimal Rivona,,,"Site of Rock Carving at Colomb, Pansaimal, Colomb/Pansaimal Rivona, Sanguem, Goa, India",Protected monument/site under Goa State Act (listed by Goa Archives & Archaeology in TCP regulations),Government,,,,Not yet assessed,No condition value assigned in starter dataset,0,Official listing verified,None yet,,Goa Town & Country Planning Department / Goa Archives & Archaeology listing,https://tcp.goa.gov.in/wp-content/uploads/2017/GLDBCR_2010/regulations/1011-24-SI-OG.pdf,"Goa Land Development and Building Construction Regulations, 2010 — protected monuments list (Section B)",Starter dataset. Coordinates and descriptive fields to be enriched.
STATE-GOA-040,The Cave at Shigao,Archaeological,South Goa,Sanguem,Shigao,,,"The Cave at Shigao, Shigao, Sanguem, Goa, India",Protected monument/site under Goa State Act (listed by Goa Archives & Archaeology in TCP regulations),Private,,,,Not yet assessed,No condition value assigned in starter dataset,0,Official listing verified,None yet,,Goa Town & Country Planning Department / Goa Archives & Archaeology listing,https://tcp.goa.gov.in/wp-content/uploads/2017/GLDBCR_2010/regulations/1011-24-SI-OG.pdf,"Goa Land Development and Building Construction Regulations, 2010 — protected monuments list (Section B)",Starter dataset. Coordinates and descriptive fields to be enriched.
STATE-GOA-041,The Site of Narayandev at Vichuendre,Religious Heritage,South Goa,Sanguem,Vichundre,,,"The Site of Narayandev at Vichuendre, Vichundre, Sanguem, Goa, India",Protected monument/site under Goa State Act (listed by Goa Archives & Archaeology in TCP regulations),Private,,,,Not yet assessed,No condition value assigned in starter dataset,0,Official listing verified,None yet,,Goa Town & Country Planning Department / Goa Archives & Archaeology listing,https://tcp.goa.gov.in/wp-content/uploads/2017/GLDBCR_2010/regulations/1011-24-SI-OG.pdf,"Goa Land Development and Building Construction Regulations, 2010 — protected monuments list (Section B)",Starter dataset. Coordinates and descriptive fields to be enriched.
STATE-GOA-042,Caves at Khandepar,Archaeological,North Goa,Ponda,Khandepar,,,"Caves at Khandepar, Khandepar, Ponda, Goa, India",Protected monument/site under Goa State Act (listed by Goa Archives & Archaeology in TCP regulations),Private,,,,Not yet assessed,No condition value assigned in starter dataset,0,Official listing verified,None yet,,Goa Town & Country Planning Department / Goa Archives & Archaeology listing,https://tcp.goa.gov.in/wp-content/uploads/2017/GLDBCR_2010/regulations/1011-24-SI-OG.pdf,"Goa Land Development and Building Construction Regulations, 2010 — protected monuments list (Section B)",Starter dataset. Coordinates and descriptive fields to be enriched.
STATE-GOA-043,Cave at Ishwarbhat,Archaeological,North Goa,Ponda,Khandepar,,,"Cave at Ishwarbhat, Khandepar, Ponda, Goa, India",Protected monument/site under Goa State Act (listed by Goa Archives & Archaeology in TCP regulations),Private,,,,Not yet assessed,No condition value assigned in starter dataset,0,Official listing verified,None yet,,Goa Town & Country Planning Department / Goa Archives & Archaeology listing,https://tcp.goa.gov.in/wp-content/uploads/2017/GLDBCR_2010/regulations/1011-24-SI-OG.pdf,"Goa Land Development and Building Construction Regulations, 2010 — protected monuments list (Section B)",Starter dataset. Coordinates and descriptive fields to be enriched.
STATE-GOA-044,Cave at Mangueshi,Archaeological,North Goa,Ponda,Mangueshi,,,"Cave at Mangueshi, Mangueshi, Ponda, Goa, India",Protected monument/site under Goa State Act (listed by Goa Archives & Archaeology in TCP regulations),Private,,,,Not yet assessed,No condition value assigned in starter dataset,0,Official listing verified,None yet,,Goa Town & Country Planning Department / Goa Archives & Archaeology listing,https://tcp.goa.gov.in/wp-content/uploads/2017/GLDBCR_2010/regulations/1011-24-SI-OG.pdf,"Goa Land Development and Building Construction Regulations, 2010 — protected monuments list (Section B)",Starter dataset. Coordinates and descriptive fields to be enriched.
STATE-GOA-045,Shri Naguesh Temple,Religious Heritage,North Goa,Ponda,Bandora,,,"Shri Naguesh Temple, Bandora, Ponda, Goa, India",Protected monument/site under Goa State Act (listed by Goa Archives & Archaeology in TCP regulations),Private,,,,Not yet assessed,No condition value assigned in starter dataset,0,Official listing verified,None yet,,Goa Town & Country Planning Department / Goa Archives & Archaeology listing,https://tcp.goa.gov.in/wp-content/uploads/2017/GLDBCR_2010/regulations/1011-24-SI-OG.pdf,"Goa Land Development and Building Construction Regulations, 2010 — protected monuments list (Section B)",Starter dataset. Coordinates and descriptive fields to be enriched.
STATE-GOA-046,Shri Kamakshi Temple,Religious Heritage,North Goa,Ponda,Shiroda,,,"Shri Kamakshi Temple, Shiroda, Ponda, Goa, India",Protected monument/site under Goa State Act (listed by Goa Archives & Archaeology in TCP regulations),Private,,,,Not yet assessed,No condition value assigned in starter dataset,0,Official listing verified,None yet,,Goa Town & Country Planning Department / Goa Archives & Archaeology listing,https://tcp.goa.gov.in/wp-content/uploads/2017/GLDBCR_2010/regulations/1011-24-SI-OG.pdf,"Goa Land Development and Building Construction Regulations, 2010 — protected monuments list (Section B)",Starter dataset. Coordinates and descriptive fields to be enriched.
STATE-GOA-047,Shri Sapatakoteshwar Temple,Religious Heritage,North Goa,Ponda,Khandepar,,,"Shri Sapatakoteshwar Temple, Khandepar, Ponda, Goa, India",Protected monument/site under Goa State Act (listed by Goa Archives & Archaeology in TCP regulations),Private,,,,Not yet assessed,No condition value assigned in starter dataset,0,Official listing verified,None yet,,Goa Town & Country Planning Department / Goa Archives & Archaeology listing,https://tcp.goa.gov.in/wp-content/uploads/2017/GLDBCR_2010/regulations/1011-24-SI-OG.pdf,"Goa Land Development and Building Construction Regulations, 2010 — protected monuments list (Section B)",Starter dataset. Coordinates and descriptive fields to be enriched.
STATE-GOA-048,Shri Mahadev Temple,Religious Heritage,North Goa,Ponda,Durbhat,,,"Shri Mahadev Temple, Durbhat, Ponda, Goa, India",Protected monument/site under Goa State Act (listed by Goa Archives & Archaeology in TCP regulations),Private,,,,Not yet assessed,No condition value assigned in starter dataset,0,Official listing verified,None yet,,Goa Town & Country Planning Department / Goa Archives & Archaeology listing,https://tcp.goa.gov.in/wp-content/uploads/2017/GLDBCR_2010/regulations/1011-24-SI-OG.pdf,"Goa Land Development and Building Construction Regulations, 2010 — protected monuments list (Section B)",Starter dataset. Coordinates and descriptive fields to be enriched.
STATE-GOA-049,Ruins of Jaina Basti,Archaeological,North Goa,Ponda,Bandora,,,"Ruins of Jaina Basti, Bandora, Ponda, Goa, India",Protected monument/site under Goa State Act (listed by Goa Archives & Archaeology in TCP regulations),Private,,,,Not yet assessed,No condition value assigned in starter dataset,0,Official listing verified,None yet,,Goa Town & Country Planning Department / Goa Archives & Archaeology listing,https://tcp.goa.gov.in/wp-content/uploads/2017/GLDBCR_2010/regulations/1011-24-SI-OG.pdf,"Goa Land Development and Building Construction Regulations, 2010 — protected monuments list (Section B)",Starter dataset. Coordinates and descriptive fields to be enriched.
STATE-GOA-050,Fort of Alorna,Fort,North Goa,Pernem,Alorna,,,"Fort of Alorna, Alorna, Pernem, Goa, India",Protected monument/site under Goa State Act (listed by Goa Archives & Archaeology in TCP regulations),Government,,,,Not yet assessed,No condition value assigned in starter dataset,0,Official listing verified,None yet,,Goa Town & Country Planning Department / Goa Archives & Archaeology listing,https://tcp.goa.gov.in/wp-content/uploads/2017/GLDBCR_2010/regulations/1011-24-SI-OG.pdf,"Goa Land Development and Building Construction Regulations, 2010 — protected monuments list (Section B)",Starter dataset. Coordinates and descriptive fields to be enriched.
STATE-GOA-051,Fort of Terekhol,Fort,North Goa,Pernem,Terekhol,,,"Fort of Terekhol, Terekhol, Pernem, Goa, India",Protected monument/site under Goa State Act (listed by Goa Archives & Archaeology in TCP regulations),Government,,,,Not yet assessed,No condition value assigned in starter dataset,0,Official listing verified,None yet,,Goa Town & Country Planning Department / Goa Archives & Archaeology listing,https://tcp.goa.gov.in/wp-content/uploads/2017/GLDBCR_2010/regulations/1011-24-SI-OG.pdf,"Goa Land Development and Building Construction Regulations, 2010 — protected monuments list (Section B)",Starter dataset. Coordinates and descriptive fields to be enriched.
